50	gaus5	(100)	relu	1e-05	0.99595	0.99593	580.61	./w50/NN.080.model	{0: {0: 18193, 1: 8, 2: 4, 3: 3, 4: 0}, 1: {0: 19, 1: 528, 2: 1, 3: 0, 4: 0}, 2: {0: 5, 1: 0, 2: 1412, 3: 2, 4: 0}, 3: {0: 28, 1: 0, 2: 10, 3: 115, 4: 0}, 4: {0: 7, 1: 0, 2: 1, 3: 1, 4: 1555}}
50	gaus5	(100)	relu	0.0001	0.99529	0.99484	583.05	./w50/NN.081.model	{0: {0: 18166, 1: 22, 2: 4, 3: 4, 4: 12}, 1: {0: 14, 1: 532, 2: 1, 3: 0, 4: 1}, 2: {0: 14, 1: 3, 2: 1388, 3: 13, 4: 1}, 3: {0: 20, 1: 0, 2: 1, 3: 132, 4: 0}, 4: {0: 3, 1: 0, 2: 0, 3: 0, 4: 1561}}
50	gaus5	(100)	relu	0.01	0.98747	0.98780	384.23	./w50/NN.082.model	{0: {0: 18168, 1: 19, 2: 20, 3: 1, 4: 0}, 1: {0: 90, 1: 454, 2: 4, 3: 0, 4: 0}, 2: {0: 41, 1: 1, 2: 1374, 3: 2, 4: 1}, 3: {0: 46, 1: 0, 2: 10, 3: 97, 4: 0}, 4: {0: 27, 1: 0, 2: 5, 3: 0, 4: 1532}}
50	gaus5	(100)	relu	0.1	0.97903	0.98018	336.36	./w50/NN.083.model	{0: {0: 18098, 1: 30, 2: 55, 3: 5, 4: 20}, 1: {0: 119, 1: 419, 2: 9, 3: 0, 4: 1}, 2: {0: 43, 1: 3, 2: 1341, 3: 26, 4: 6}, 3: {0: 49, 1: 0, 2: 4, 3: 100, 4: 0}, 4: {0: 56, 1: 1, 2: 6, 3: 1, 4: 1500}}
50	gaus5	(100)	tanh	1e-05	0.99759	0.99740	535.00	./w50/NN.084.model	{0: {0: 18201, 1: 2, 2: 2, 3: 2, 4: 1}, 1: {0: 17, 1: 530, 2: 0, 3: 1, 4: 0}, 2: {0: 0, 1: 1, 2: 1408, 3: 9, 4: 1}, 3: {0: 14, 1: 0, 2: 2, 3: 137, 4: 0}, 4: {0: 4, 1: 0, 2: 0, 3: 1, 4: 1559}}
50	gaus5	(100)	tanh	0.0001	0.99800	0.99808	540.06	./w50/NN.085.model	{0: {0: 18189, 1: 9, 2: 2, 3: 7, 4: 1}, 1: {0: 4, 1: 543, 2: 0, 3: 1, 4: 0}, 2: {0: 2, 1: 1, 2: 1410, 3: 6, 4: 0}, 3: {0: 5, 1: 0, 2: 3, 3: 145, 4: 0}, 4: {0: 0, 1: 0, 2: 1, 3: 0, 4: 1563}}
50	gaus5	(100)	tanh	0.01	0.99147	0.99255	467.80	./w50/NN.086.model	{0: {0: 18161, 1: 11, 2: 21, 3: 4, 4: 11}, 1: {0: 49, 1: 493, 2: 4, 3: 0, 4: 2}, 2: {0: 5, 1: 0, 2: 1403, 3: 9, 4: 2}, 3: {0: 28, 1: 0, 2: 14, 3: 111, 4: 0}, 4: {0: 3, 1: 0, 2: 0, 3: 0, 4: 1561}}
50	gaus5	(100)	tanh	0.1	0.98071	0.98232	296.99	./w50/NN.087.model	{0: {0: 18103, 1: 43, 2: 24, 3: 26, 4: 12}, 1: {0: 108, 1: 434, 2: 6, 3: 0, 4: 0}, 2: {0: 55, 1: 2, 2: 1351, 3: 2, 4: 9}, 3: {0: 35, 1: 0, 2: 13, 3: 105, 4: 0}, 4: {0: 46, 1: 1, 2: 5, 3: 0, 4: 1512}}
50	gaus5	(16, 16)	relu	1e-05	0.98549	0.98611	231.29	./w50/NN.088.model	{0: {0: 18159, 1: 19, 2: 13, 3: 6, 4: 11}, 1: {0: 95, 1: 446, 2: 5, 3: 0, 4: 2}, 2: {0: 60, 1: 4, 2: 1343, 3: 6, 4: 6}, 3: {0: 39, 1: 0, 2: 9, 3: 105, 4: 0}, 4: {0: 18, 1: 0, 2: 11, 3: 0, 4: 1535}}
50	gaus5	(16, 16)	relu	0.0001	0.98506	0.98547	219.41	./w50/NN.089.model	{0: {0: 18148, 1: 13, 2: 27, 3: 3, 4: 17}, 1: {0: 115, 1: 423, 2: 8, 3: 1, 4: 1}, 2: {0: 43, 1: 5, 2: 1350, 3: 12, 4: 9}, 3: {0: 42, 1: 0, 2: 7, 3: 104, 4: 0}, 4: {0: 11, 1: 0, 2: 3, 3: 1, 4: 1549}}
50	gaus5	(16, 16)	relu	0.01	0.98179	0.98278	152.94	./w50/NN.090.model	{0: {0: 18132, 1: 29, 2: 26, 3: 1, 4: 20}, 1: {0: 132, 1: 414, 2: 2, 3: 0, 4: 0}, 2: {0: 55, 1: 5, 2: 1345, 3: 4, 4: 10}, 3: {0: 50, 1: 0, 2: 17, 3: 86, 4: 0}, 4: {0: 24, 1: 0, 2: 2, 3: 0, 4: 1538}}
50	gaus5	(16, 16)	relu	0.1	0.97804	0.97780	123.26	./w50/NN.091.model	{0: {0: 18093, 1: 36, 2: 39, 3: 8, 4: 32}, 1: {0: 147, 1: 392, 2: 7, 3: 0, 4: 2}, 2: {0: 76, 1: 1, 2: 1317, 3: 11, 4: 14}, 3: {0: 47, 1: 0, 2: 15, 3: 91, 4: 0}, 4: {0: 39, 1: 1, 2: 11, 3: 0, 4: 1513}}
50	gaus5	(16, 16)	tanh	1e-05	0.98615	0.98648	272.56	./w50/NN.092.model	{0: {0: 18158, 1: 16, 2: 18, 3: 7, 4: 9}, 1: {0: 90, 1: 453, 2: 3, 3: 0, 4: 2}, 2: {0: 60, 1: 2, 2: 1344, 3: 5, 4: 8}, 3: {0: 34, 1: 0, 2: 13, 3: 106, 4: 0}, 4: {0: 24, 1: 1, 2: 4, 3: 0, 4: 1535}}
50	gaus5	(16, 16)	tanh	0.0001	0.98540	0.98611	233.95	./w50/NN.093.model	{0: {0: 18125, 1: 28, 2: 33, 3: 6, 4: 16}, 1: {0: 78, 1: 464, 2: 6, 3: 0, 4: 0}, 2: {0: 40, 1: 5, 2: 1369, 3: 3, 4: 2}, 3: {0: 34, 1: 1, 2: 15, 3: 103, 4: 0}, 4: {0: 25, 1: 0, 2: 12, 3: 0, 4: 1527}}
50	gaus5	(16, 16)	tanh	0.01	0.98271	0.98278	202.32	./w50/NN.094.model	{0: {0: 18133, 1: 22, 2: 31, 3: 10, 4: 12}, 1: {0: 121, 1: 422, 2: 3, 3: 0, 4: 2}, 2: {0: 64, 1: 2, 2: 1338, 3: 10, 4: 5}, 3: {0: 44, 1: 0, 2: 7, 3: 102, 4: 0}, 4: {0: 39, 1: 1, 2: 4, 3: 0, 4: 1520}}
50	gaus5	(16, 16)	tanh	0.1	0.97549	0.97629	117.70	./w50/NN.095.model	{0: {0: 18144, 1: 16, 2: 33, 3: 2, 4: 13}, 1: {0: 171, 1: 366, 2: 10, 3: 0, 4: 1}, 2: {0: 101, 1: 2, 2: 1305, 3: 2, 4: 9}, 3: {0: 57, 1: 0, 2: 16, 3: 80, 4: 0}, 4: {0: 77, 1: 0, 2: 9, 3: 0, 4: 1478}}
50	gaus5	(100, 16)	relu	1e-05	0.99579	0.99667	477.70	./w50/NN.096.model	{0: {0: 18174, 1: 11, 2: 9, 3: 9, 4: 5}, 1: {0: 12, 1: 535, 2: 1, 3: 0, 4: 0}, 2: {0: 6, 1: 0, 2: 1412, 3: 1, 4: 0}, 3: {0: 8, 1: 0, 2: 7, 3: 138, 4: 0}, 4: {0: 3, 1: 0, 2: 1, 3: 0, 4: 1560}}
50	gaus5	(100, 16)	relu	0.0001	0.99518	0.99520	488.50	./w50/NN.097.model	{0: {0: 18165, 1: 9, 2: 25, 3: 5, 4: 4}, 1: {0: 13, 1: 535, 2: 0, 3: 0, 4: 0}, 2: {0: 4, 1: 0, 2: 1414, 3: 1, 4: 0}, 3: {0: 17, 1: 0, 2: 9, 3: 127, 4: 0}, 4: {0: 10, 1: 0, 2: 8, 3: 0, 4: 1546}}
50	gaus5	(100, 16)	relu	0.01	0.98990	0.99027	481.30	./w50/NN.098.model	{0: {0: 18184, 1: 16, 2: 3, 3: 4, 4: 1}, 1: {0: 58, 1: 489, 2: 1, 3: 0, 4: 0}, 2: {0: 52, 1: 1, 2: 1355, 3: 10, 4: 1}, 3: {0: 32, 1: 0, 2: 7, 3: 114, 4: 0}, 4: {0: 26, 1: 1, 2: 0, 3: 0, 4: 1537}}
50	gaus5	(100, 16)	relu	0.1	0.98118	0.98200	347.99	./w50/NN.099.model	{0: {0: 18160, 1: 28, 2: 15, 3: 1, 4: 4}, 1: {0: 112, 1: 423, 2: 12, 3: 0, 4: 1}, 2: {0: 90, 1: 5, 2: 1317, 3: 4, 4: 3}, 3: {0: 51, 1: 0, 2: 15, 3: 87, 4: 0}, 4: {0: 47, 1: 1, 2: 5, 3: 0, 4: 1511}}
50	gaus5	(100, 16)	tanh	1e-05	0.99613	0.99616	293.15	./w50/NN.100.model	{0: {0: 18170, 1: 18, 2: 6, 3: 8, 4: 6}, 1: {0: 20, 1: 528, 2: 0, 3: 0, 4: 0}, 2: {0: 1, 1: 0, 2: 1415, 3: 3, 4: 0}, 3: {0: 15, 1: 0, 2: 5, 3: 133, 4: 0}, 4: {0: 0, 1: 0, 2: 2, 3: 0, 4: 1562}}
50	gaus5	(100, 16)	tanh	0.0001	0.99701	0.99648	503.54	./w50/NN.101.model	{0: {0: 18196, 1: 4, 2: 2, 3: 2, 4: 4}, 1: {0: 13, 1: 533, 2: 2, 3: 0, 4: 0}, 2: {0: 10, 1: 0, 2: 1393, 3: 16, 4: 0}, 3: {0: 15, 1: 0, 2: 3, 3: 135, 4: 0}, 4: {0: 6, 1: 0, 2: 0, 3: 0, 4: 1558}}
50	gaus5	(100, 16)	tanh	0.01	0.99235	0.99265	385.60	./w50/NN.102.model	{0: {0: 18156, 1: 18, 2: 15, 3: 2, 4: 17}, 1: {0: 36, 1: 509, 2: 2, 3: 0, 4: 1}, 2: {0: 11, 1: 1, 2: 1401, 3: 3, 4: 3}, 3: {0: 30, 1: 0, 2: 12, 3: 111, 4: 0}, 4: {0: 10, 1: 0, 2: 0, 3: 0, 4: 1554}}
50	gaus5	(100, 16)	tanh	0.1	0.98190	0.98223	361.02	./w50/NN.103.model	{0: {0: 18163, 1: 20, 2: 14, 3: 5, 4: 6}, 1: {0: 129, 1: 412, 2: 7, 3: 0, 4: 0}, 2: {0: 80, 1: 3, 2: 1304, 3: 20, 4: 12}, 3: {0: 42, 1: 0, 2: 5, 3: 106, 4: 0}, 4: {0: 44, 1: 0, 2: 2, 3: 0, 4: 1518}}
50	gaus5	(50, 32)	relu	1e-05	0.99653	0.99671	463.54	./w50/NN.104.model	{0: {0: 18200, 1: 4, 2: 0, 3: 4, 4: 0}, 1: {0: 42, 1: 505, 2: 1, 3: 0, 4: 0}, 2: {0: 3, 1: 0, 2: 1415, 3: 1, 4: 0}, 3: {0: 10, 1: 0, 2: 5, 3: 138, 4: 0}, 4: {0: 1, 1: 0, 2: 1, 3: 0, 4: 1562}}
50	gaus5	(50, 32)	relu	0.0001	0.99360	0.99411	403.03	./w50/NN.105.model	{0: {0: 18135, 1: 53, 2: 7, 3: 13, 4: 0}, 1: {0: 7, 1: 539, 2: 1, 3: 0, 4: 1}, 2: {0: 14, 1: 2, 2: 1396, 3: 4, 4: 3}, 3: {0: 15, 1: 0, 2: 5, 3: 133, 4: 0}, 4: {0: 2, 1: 0, 2: 1, 3: 1, 4: 1560}}
50	gaus5	(50, 32)	relu	0.01	0.98825	0.98876	239.10	./w50/NN.106.model	{0: {0: 18161, 1: 42, 2: 2, 3: 3, 4: 0}, 1: {0: 59, 1: 488, 2: 0, 3: 0, 4: 1}, 2: {0: 50, 1: 6, 2: 1352, 3: 5, 4: 6}, 3: {0: 33, 1: 0, 2: 10, 3: 110, 4: 0}, 4: {0: 28, 1: 0, 2: 0, 3: 1, 4: 1535}}
50	gaus5	(50, 32)	relu	0.1	0.98327	0.98506	258.90	./w50/NN.107.model	{0: {0: 18152, 1: 13, 2: 17, 3: 2, 4: 24}, 1: {0: 116, 1: 425, 2: 6, 3: 0, 4: 1}, 2: {0: 52, 1: 4, 2: 1352, 3: 2, 4: 9}, 3: {0: 42, 1: 0, 2: 19, 3: 92, 4: 0}, 4: {0: 18, 1: 0, 2: 2, 3: 0, 4: 1544}}
50	gaus5	(50, 32)	tanh	1e-05	0.99710	0.99726	360.68	./w50/NN.108.model	{0: {0: 18190, 1: 8, 2: 4, 3: 5, 4: 1}, 1: {0: 7, 1: 539, 2: 2, 3: 0, 4: 0}, 2: {0: 4, 1: 0, 2: 1404, 3: 9, 4: 2}, 3: {0: 8, 1: 0, 2: 5, 3: 140, 4: 0}, 4: {0: 4, 1: 1, 2: 0, 3: 0, 4: 1559}}
50	gaus5	(50, 32)	tanh	0.0001	0.99556	0.99543	393.17	./w50/NN.109.model	{0: {0: 18158, 1: 24, 2: 14, 3: 3, 4: 9}, 1: {0: 11, 1: 537, 2: 0, 3: 0, 4: 0}, 2: {0: 5, 1: 1, 2: 1410, 3: 2, 4: 1}, 3: {0: 17, 1: 1, 2: 9, 3: 126, 4: 0}, 4: {0: 2, 1: 0, 2: 1, 3: 0, 4: 1561}}
50	gaus5	(50, 32)	tanh	0.01	0.99036	0.99077	339.42	./w50/NN.110.model	{0: {0: 18164, 1: 16, 2: 11, 3: 5, 4: 12}, 1: {0: 53, 1: 494, 2: 1, 3: 0, 4: 0}, 2: {0: 42, 1: 0, 2: 1365, 3: 9, 4: 3}, 3: {0: 27, 1: 0, 2: 6, 3: 120, 4: 0}, 4: {0: 16, 1: 1, 2: 0, 3: 0, 4: 1547}}
50	gaus5	(50, 32)	tanh	0.1	0.98355	0.98547	280.87	./w50/NN.111.model	{0: {0: 18142, 1: 28, 2: 14, 3: 2, 4: 22}, 1: {0: 105, 1: 435, 2: 5, 3: 0, 4: 3}, 2: {0: 49, 1: 8, 2: 1343, 3: 5, 4: 14}, 3: {0: 35, 1: 0, 2: 6, 3: 112, 4: 0}, 4: {0: 20, 1: 1, 2: 1, 3: 0, 4: 1542}}
50	gaus5	(50, 32, 4)	relu	1e-05	0.99278	0.99310	326.83	./w50/NN.112.model	{0: {0: 18147, 1: 33, 2: 10, 3: 15, 4: 3}, 1: {0: 25, 1: 521, 2: 2, 3: 0, 4: 0}, 2: {0: 15, 1: 1, 2: 1402, 3: 0, 4: 1}, 3: {0: 17, 1: 0, 2: 21, 3: 115, 4: 0}, 4: {0: 2, 1: 0, 2: 5, 3: 1, 4: 1556}}
50	gaus5	(50, 32, 4)	relu	0.0001	0.99469	0.99502	347.94	./w50/NN.113.model	{0: {0: 18159, 1: 19, 2: 15, 3: 12, 4: 3}, 1: {0: 18, 1: 529, 2: 0, 3: 0, 4: 1}, 2: {0: 5, 1: 0, 2: 1408, 3: 4, 4: 2}, 3: {0: 16, 1: 0, 2: 13, 3: 124, 4: 0}, 4: {0: 1, 1: 0, 2: 0, 3: 0, 4: 1563}}
50	gaus5	(50, 32, 4)	relu	0.01	0.99014	0.99077	314.94	./w50/NN.114.model	{0: {0: 18172, 1: 6, 2: 13, 3: 2, 4: 15}, 1: {0: 83, 1: 456, 2: 8, 3: 0, 4: 1}, 2: {0: 20, 1: 0, 2: 1385, 3: 8, 4: 6}, 3: {0: 28, 1: 0, 2: 4, 3: 121, 4: 0}, 4: {0: 8, 1: 0, 2: 0, 3: 0, 4: 1556}}
50	gaus5	(50, 32, 4)	relu	0.1	0.98175	0.98205	170.74	./w50/NN.115.model	{0: {0: 18144, 1: 23, 2: 29, 3: 5, 4: 7}, 1: {0: 119, 1: 421, 2: 8, 3: 0, 4: 0}, 2: {0: 67, 1: 4, 2: 1335, 3: 9, 4: 4}, 3: {0: 47, 1: 3, 2: 15, 3: 88, 4: 0}, 4: {0: 45, 1: 0, 2: 8, 3: 0, 4: 1511}}
50	gaus5	(50, 32, 4)	tanh	1e-05	0.99550	0.99557	332.64	./w50/NN.116.model	{0: {0: 18174, 1: 19, 2: 7, 3: 7, 4: 1}, 1: {0: 7, 1: 538, 2: 2, 3: 0, 4: 1}, 2: {0: 10, 1: 0, 2: 1395, 3: 8, 4: 6}, 3: {0: 16, 1: 1, 2: 4, 3: 132, 4: 0}, 4: {0: 6, 1: 0, 2: 2, 3: 0, 4: 1556}}
50	gaus5	(50, 32, 4)	tanh	0.0001	0.99518	0.99575	271.88	./w50/NN.117.model	{0: {0: 18176, 1: 20, 2: 7, 3: 4, 4: 1}, 1: {0: 15, 1: 531, 2: 2, 3: 0, 4: 0}, 2: {0: 5, 1: 2, 2: 1409, 3: 1, 4: 2}, 3: {0: 21, 1: 1, 2: 8, 3: 123, 4: 0}, 4: {0: 1, 1: 1, 2: 2, 3: 0, 4: 1560}}
50	gaus5	(50, 32, 4)	tanh	0.01	0.99058	0.99041	230.04	./w50/NN.118.model	{0: {0: 18120, 1: 35, 2: 30, 3: 1, 4: 22}, 1: {0: 41, 1: 504, 2: 1, 3: 1, 4: 1}, 2: {0: 10, 1: 3, 2: 1397, 3: 3, 4: 6}, 3: {0: 33, 1: 1, 2: 11, 3: 108, 4: 0}, 4: {0: 9, 1: 1, 2: 1, 3: 0, 4: 1553}}
50	gaus5	(50, 32, 4)	tanh	0.1	0.98081	0.98219	211.17	./w50/NN.119.model	{0: {0: 18172, 1: 14, 2: 17, 3: 3, 4: 2}, 1: {0: 105, 1: 438, 2: 4, 3: 0, 4: 1}, 2: {0: 74, 1: 5, 2: 1294, 3: 40, 4: 6}, 3: {0: 41, 1: 1, 2: 5, 3: 106, 4: 0}, 4: {0: 65, 1: 3, 2: 4, 3: 0, 4: 1492}}
50	mexh	(100)	relu	1e-05	0.99181	0.99274	683.86	./w50/NN.000.model	{0: {0: 18162, 1: 27, 2: 6, 3: 5, 4: 8}, 1: {0: 32, 1: 515, 2: 0, 3: 0, 4: 1}, 2: {0: 18, 1: 4, 2: 1379, 3: 18, 4: 0}, 3: {0: 29, 1: 1, 2: 0, 3: 123, 4: 0}, 4: {0: 7, 1: 1, 2: 2, 3: 0, 4: 1554}}
50	mexh	(100)	relu	0.0001	0.98914	0.99018	534.60	./w50/NN.001.model	{0: {0: 18135, 1: 37, 2: 11, 3: 11, 4: 14}, 1: {0: 57, 1: 481, 2: 8, 3: 1, 4: 1}, 2: {0: 18, 1: 3, 2: 1390, 3: 3, 4: 5}, 3: {0: 22, 1: 0, 2: 7, 3: 124, 4: 0}, 4: {0: 13, 1: 1, 2: 3, 3: 0, 4: 1547}}
50	mexh	(100)	relu	0.01	0.98187	0.98187	402.58	./w50/NN.002.model	{0: {0: 18152, 1: 21, 2: 18, 3: 4, 4: 13}, 1: {0: 132, 1: 406, 2: 5, 3: 0, 4: 5}, 2: {0: 84, 1: 3, 2: 1293, 3: 27, 4: 12}, 3: {0: 45, 1: 0, 2: 4, 3: 104, 4: 0}, 4: {0: 21, 1: 0, 2: 3, 3: 0, 4: 1540}}
50	mexh	(100)	relu	0.1	0.97506	0.97611	320.19	./w50/NN.003.model	{0: {0: 18072, 1: 34, 2: 84, 3: 3, 4: 15}, 1: {0: 152, 1: 385, 2: 11, 3: 0, 4: 0}, 2: {0: 59, 1: 3, 2: 1350, 3: 3, 4: 4}, 3: {0: 45, 1: 0, 2: 25, 3: 83, 4: 0}, 4: {0: 69, 1: 1, 2: 15, 3: 0, 4: 1479}}
50	mexh	(100)	tanh	1e-05	0.99215	0.99210	674.51	./w50/NN.004.model	{0: {0: 18169, 1: 14, 2: 16, 3: 4, 4: 5}, 1: {0: 43, 1: 502, 2: 2, 3: 0, 4: 1}, 2: {0: 22, 1: 4, 2: 1379, 3: 9, 4: 5}, 3: {0: 27, 1: 0, 2: 7, 3: 119, 4: 0}, 4: {0: 10, 1: 1, 2: 3, 3: 0, 4: 1550}}
50	mexh	(100)	tanh	0.0001	0.99127	0.99173	555.40	./w50/NN.005.model	{0: {0: 18144, 1: 15, 2: 16, 3: 19, 4: 14}, 1: {0: 37, 1: 503, 2: 6, 3: 0, 4: 2}, 2: {0: 22, 1: 0, 2: 1383, 3: 13, 4: 1}, 3: {0: 19, 1: 1, 2: 5, 3: 128, 4: 0}, 4: {0: 9, 1: 0, 2: 2, 3: 0, 4: 1553}}
50	mexh	(100)	tanh	0.01	0.98462	0.98616	322.17	./w50/NN.006.model	{0: {0: 18154, 1: 22, 2: 21, 3: 7, 4: 4}, 1: {0: 88, 1: 457, 2: 2, 3: 0, 4: 1}, 2: {0: 51, 1: 5, 2: 1350, 3: 10, 4: 3}, 3: {0: 36, 1: 0, 2: 11, 3: 106, 4: 0}, 4: {0: 37, 1: 1, 2: 4, 3: 0, 4: 1522}}
50	mexh	(100)	tanh	0.1	0.97614	0.97702	216.17	./w50/NN.007.model	{0: {0: 18089, 1: 40, 2: 26, 3: 17, 4: 36}, 1: {0: 149, 1: 394, 2: 3, 3: 0, 4: 2}, 2: {0: 98, 1: 5, 2: 1276, 3: 11, 4: 29}, 3: {0: 34, 1: 0, 2: 11, 3: 108, 4: 0}, 4: {0: 39, 1: 1, 2: 2, 3: 0, 4: 1522}}
50	mexh	(16, 16)	relu	1e-05	0.97970	0.97963	238.29	./w50/NN.008.model	{0: {0: 18164, 1: 11, 2: 14, 3: 2, 4: 17}, 1: {0: 161, 1: 383, 2: 3, 3: 0, 4: 1}, 2: {0: 106, 1: 2, 2: 1285, 3: 17, 4: 9}, 3: {0: 51, 1: 0, 2: 7, 3: 95, 4: 0}, 4: {0: 40, 1: 1, 2: 4, 3: 0, 4: 1519}}
50	mexh	(16, 16)	relu	0.0001	0.97894	0.97940	232.57	./w50/NN.009.model	{0: {0: 18039, 1: 60, 2: 59, 3: 5, 4: 45}, 1: {0: 109, 1: 430, 2: 7, 3: 0, 4: 2}, 2: {0: 59, 1: 1, 2: 1343, 3: 5, 4: 11}, 3: {0: 41, 1: 0, 2: 18, 3: 94, 4: 0}, 4: {0: 20, 1: 2, 2: 7, 3: 0, 4: 1535}}
50	mexh	(16, 16)	relu	0.01	0.97466	0.97474	149.67	./w50/NN.010.model	{0: {0: 18047, 1: 44, 2: 74, 3: 7, 4: 36}, 1: {0: 151, 1: 383, 2: 10, 3: 0, 4: 4}, 2: {0: 89, 1: 5, 2: 1307, 3: 8, 4: 10}, 3: {0: 39, 1: 0, 2: 18, 3: 96, 4: 0}, 4: {0: 51, 1: 2, 2: 5, 3: 0, 4: 1506}}
50	mexh	(16, 16)	relu	0.1	0.96866	0.96816	195.40	./w50/NN.011.model	{0: {0: 18117, 1: 35, 2: 23, 3: 4, 4: 29}, 1: {0: 204, 1: 332, 2: 7, 3: 0, 4: 5}, 2: {0: 166, 1: 9, 2: 1216, 3: 19, 4: 9}, 3: {0: 67, 1: 0, 2: 6, 3: 80, 4: 0}, 4: {0: 105, 1: 3, 2: 6, 3: 0, 4: 1450}}
50	mexh	(16, 16)	tanh	1e-05	0.97688	0.97638	233.97	./w50/NN.012.model	{0: {0: 18096, 1: 42, 2: 32, 3: 2, 4: 36}, 1: {0: 134, 1: 407, 2: 4, 3: 0, 4: 3}, 2: {0: 105, 1: 4, 2: 1275, 3: 8, 4: 27}, 3: {0: 66, 1: 0, 2: 15, 3: 72, 4: 0}, 4: {0: 35, 1: 1, 2: 3, 3: 0, 4: 1525}}
50	mexh	(16, 16)	tanh	0.0001	0.97845	0.97908	155.20	./w50/NN.013.model	{0: {0: 18096, 1: 48, 2: 48, 3: 2, 4: 14}, 1: {0: 111, 1: 427, 2: 9, 3: 0, 4: 1}, 2: {0: 81, 1: 5, 2: 1322, 3: 6, 4: 5}, 3: {0: 48, 1: 0, 2: 15, 3: 90, 4: 0}, 4: {0: 52, 1: 1, 2: 12, 3: 0, 4: 1499}}
50	mexh	(16, 16)	tanh	0.01	0.97576	0.97602	207.54	./w50/NN.014.model	{0: {0: 17994, 1: 55, 2: 96, 3: 45, 4: 18}, 1: {0: 123, 1: 408, 2: 10, 3: 1, 4: 6}, 2: {0: 54, 1: 1, 2: 1335, 3: 21, 4: 8}, 3: {0: 27, 1: 1, 2: 7, 3: 118, 4: 0}, 4: {0: 37, 1: 2, 2: 13, 3: 0, 4: 1512}}
50	mexh	(16, 16)	tanh	0.1	0.97215	0.97291	121.12	./w50/NN.015.model	{0: {0: 18074, 1: 54, 2: 58, 3: 9, 4: 13}, 1: {0: 153, 1: 388, 2: 4, 3: 0, 4: 3}, 2: {0: 116, 1: 5, 2: 1282, 3: 10, 4: 6}, 3: {0: 53, 1: 0, 2: 18, 3: 82, 4: 0}, 4: {0: 76, 1: 2, 2: 13, 3: 0, 4: 1473}}
50	mexh	(100, 16)	relu	1e-05	0.99314	0.99342	802.16	./w50/NN.016.model	{0: {0: 18164, 1: 9, 2: 12, 3: 21, 4: 2}, 1: {0: 39, 1: 503, 2: 5, 3: 0, 4: 1}, 2: {0: 10, 1: 0, 2: 1396, 3: 12, 4: 1}, 3: {0: 10, 1: 0, 2: 3, 3: 140, 4: 0}, 4: {0: 15, 1: 1, 2: 2, 3: 1, 4: 1545}}
50	mexh	(100, 16)	relu	0.0001	0.99276	0.99351	778.16	./w50/NN.017.model	{0: {0: 18173, 1: 5, 2: 18, 3: 10, 4: 2}, 1: {0: 42, 1: 503, 2: 2, 3: 0, 4: 1}, 2: {0: 14, 1: 0, 2: 1400, 3: 5, 4: 0}, 3: {0: 16, 1: 0, 2: 7, 3: 130, 4: 0}, 4: {0: 8, 1: 1, 2: 11, 3: 0, 4: 1544}}
50	mexh	(100, 16)	relu	0.01	0.98475	0.98561	505.36	./w50/NN.018.model	{0: {0: 18093, 1: 85, 2: 16, 3: 6, 4: 8}, 1: {0: 57, 1: 489, 2: 0, 3: 0, 4: 2}, 2: {0: 59, 1: 8, 2: 1341, 3: 9, 4: 2}, 3: {0: 35, 1: 0, 2: 6, 3: 112, 4: 0}, 4: {0: 18, 1: 2, 2: 2, 3: 0, 4: 1542}}
50	mexh	(100, 16)	relu	0.1	0.97793	0.97908	481.80	./w50/NN.019.model	{0: {0: 18149, 1: 20, 2: 24, 3: 1, 4: 14}, 1: {0: 158, 1: 382, 2: 7, 3: 0, 4: 1}, 2: {0: 90, 1: 1, 2: 1313, 3: 6, 4: 9}, 3: {0: 50, 1: 0, 2: 10, 3: 93, 4: 0}, 4: {0: 63, 1: 1, 2: 3, 3: 0, 4: 1497}}
50	mexh	(100, 16)	tanh	1e-05	0.99335	0.99306	833.71	./w50/NN.020.model	{0: {0: 18143, 1: 48, 2: 6, 3: 6, 4: 5}, 1: {0: 17, 1: 530, 2: 1, 3: 0, 4: 0}, 2: {0: 27, 1: 8, 2: 1375, 3: 7, 4: 2}, 3: {0: 15, 1: 0, 2: 7, 3: 131, 4: 0}, 4: {0: 2, 1: 0, 2: 1, 3: 0, 4: 1561}}
50	mexh	(100, 16)	tanh	0.0001	0.99151	0.99173	619.33	./w50/NN.021.model	{0: {0: 18132, 1: 36, 2: 27, 3: 9, 4: 4}, 1: {0: 27, 1: 511, 2: 9, 3: 0, 4: 1}, 2: {0: 20, 1: 0, 2: 1392, 3: 7, 4: 0}, 3: {0: 19, 1: 0, 2: 9, 3: 125, 4: 0}, 4: {0: 10, 1: 1, 2: 2, 3: 0, 4: 1551}}
50	mexh	(100, 16)	tanh	0.01	0.98495	0.98552	458.64	./w50/NN.022.model	{0: {0: 18118, 1: 49, 2: 12, 3: 20, 4: 9}, 1: {0: 65, 1: 478, 2: 2, 3: 0, 4: 3}, 2: {0: 69, 1: 4, 2: 1307, 3: 34, 4: 5}, 3: {0: 28, 1: 0, 2: 2, 3: 123, 4: 0}, 4: {0: 12, 1: 2, 2: 1, 3: 0, 4: 1549}}
50	mexh	(100, 16)	tanh	0.1	0.97715	0.97666	276.22	./w50/NN.023.model	{0: {0: 18108, 1: 26, 2: 59, 3: 9, 4: 6}, 1: {0: 151, 1: 386, 2: 9, 3: 0, 4: 2}, 2: {0: 90, 1: 1, 2: 1323, 3: 5, 4: 0}, 3: {0: 46, 1: 1, 2: 16, 3: 90, 4: 0}, 4: {0: 71, 1: 0, 2: 19, 3: 0, 4: 1474}}
50	mexh	(50, 32)	relu	1e-05	0.99213	0.99319	466.83	./w50/NN.024.model	{0: {0: 18172, 1: 14, 2: 8, 3: 7, 4: 7}, 1: {0: 33, 1: 511, 2: 3, 3: 0, 4: 1}, 2: {0: 28, 1: 0, 2: 1383, 3: 8, 4: 0}, 3: {0: 25, 1: 0, 2: 4, 3: 124, 4: 0}, 4: {0: 11, 1: 0, 2: 0, 3: 0, 4: 1553}}
50	mexh	(50, 32)	relu	0.0001	0.98938	0.98981	392.03	./w50/NN.025.model	{0: {0: 18181, 1: 14, 2: 6, 3: 5, 4: 2}, 1: {0: 77, 1: 467, 2: 3, 3: 0, 4: 1}, 2: {0: 41, 1: 1, 2: 1357, 3: 16, 4: 4}, 3: {0: 32, 1: 0, 2: 5, 3: 116, 4: 0}, 4: {0: 16, 1: 0, 2: 0, 3: 0, 4: 1548}}
50	mexh	(50, 32)	relu	0.01	0.98419	0.98424	252.94	./w50/NN.026.model	{0: {0: 18135, 1: 50, 2: 6, 3: 9, 4: 8}, 1: {0: 92, 1: 454, 2: 1, 3: 0, 4: 1}, 2: {0: 79, 1: 9, 2: 1306, 3: 17, 4: 8}, 3: {0: 33, 1: 1, 2: 5, 3: 114, 4: 0}, 4: {0: 25, 1: 1, 2: 0, 3: 0, 4: 1538}}
50	mexh	(50, 32)	relu	0.1	0.97672	0.97698	153.49	./w50/NN.027.model	{0: {0: 18128, 1: 25, 2: 21, 3: 1, 4: 33}, 1: {0: 168, 1: 376, 2: 2, 3: 0, 4: 2}, 2: {0: 83, 1: 3, 2: 1283, 3: 15, 4: 35}, 3: {0: 48, 1: 0, 2: 6, 3: 99, 4: 0}, 4: {0: 61, 1: 1, 2: 0, 3: 0, 4: 1502}}
50	mexh	(50, 32)	tanh	1e-05	0.98796	0.98840	343.86	./w50/NN.028.model	{0: {0: 18121, 1: 30, 2: 31, 3: 5, 4: 21}, 1: {0: 55, 1: 481, 2: 8, 3: 1, 4: 3}, 2: {0: 31, 1: 1, 2: 1363, 3: 13, 4: 11}, 3: {0: 26, 1: 0, 2: 7, 3: 120, 4: 0}, 4: {0: 9, 1: 0, 2: 2, 3: 0, 4: 1553}}
50	mexh	(50, 32)	tanh	0.0001	0.98949	0.98981	344.93	./w50/NN.029.model	{0: {0: 18121, 1: 42, 2: 29, 3: 7, 4: 9}, 1: {0: 53, 1: 490, 2: 5, 3: 0, 4: 0}, 2: {0: 23, 1: 1, 2: 1388, 3: 3, 4: 4}, 3: {0: 25, 1: 0, 2: 12, 3: 116, 4: 0}, 4: {0: 7, 1: 1, 2: 2, 3: 0, 4: 1554}}
50	mexh	(50, 32)	tanh	0.01	0.98377	0.98465	219.81	./w50/NN.030.model	{0: {0: 18161, 1: 29, 2: 8, 3: 2, 4: 8}, 1: {0: 90, 1: 454, 2: 2, 3: 0, 4: 2}, 2: {0: 91, 1: 4, 2: 1302, 3: 13, 4: 9}, 3: {0: 39, 1: 0, 2: 9, 3: 105, 4: 0}, 4: {0: 30, 1: 0, 2: 0, 3: 0, 4: 1534}}
50	mexh	(50, 32)	tanh	0.1	0.97556	0.97538	208.17	./w50/NN.031.model	{0: {0: 18149, 1: 6, 2: 31, 3: 12, 4: 10}, 1: {0: 198, 1: 343, 2: 5, 3: 0, 4: 2}, 2: {0: 103, 1: 0, 2: 1289, 3: 21, 4: 6}, 3: {0: 45, 1: 0, 2: 11, 3: 97, 4: 0}, 4: {0: 80, 1: 0, 2: 9, 3: 0, 4: 1475}}
50	mexh	(50, 32, 4)	relu	1e-05	0.98891	0.98945	323.55	./w50/NN.032.model	{0: {0: 18133, 1: 22, 2: 22, 3: 19, 4: 12}, 1: {0: 66, 1: 470, 2: 6, 3: 3, 4: 3}, 2: {0: 24, 1: 2, 2: 1386, 3: 5, 4: 2}, 3: {0: 19, 1: 1, 2: 13, 3: 120, 4: 0}, 4: {0: 9, 1: 0, 2: 3, 3: 0, 4: 1552}}
50	mexh	(50, 32, 4)	relu	0.0001	0.98910	0.98963	377.61	./w50/NN.033.model	{0: {0: 18077, 1: 79, 2: 26, 3: 7, 4: 19}, 1: {0: 26, 1: 521, 2: 1, 3: 0, 4: 0}, 2: {0: 18, 1: 3, 2: 1388, 3: 7, 4: 3}, 3: {0: 19, 1: 1, 2: 11, 3: 121, 4: 1}, 4: {0: 5, 1: 0, 2: 1, 3: 0, 4: 1558}}
50	mexh	(50, 32, 4)	relu	0.01	0.98523	0.98625	359.90	./w50/NN.034.model	{0: {0: 18147, 1: 22, 2: 22, 3: 14, 4: 3}, 1: {0: 119, 1: 419, 2: 8, 3: 0, 4: 2}, 2: {0: 35, 1: 3, 2: 1374, 3: 5, 4: 2}, 3: {0: 28, 1: 0, 2: 12, 3: 113, 4: 0}, 4: {0: 22, 1: 1, 2: 3, 3: 0, 4: 1538}}
50	mexh	(50, 32, 4)	relu	0.1	0.97839	0.97807	269.41	./w50/NN.035.model	{0: {0: 18075, 1: 42, 2: 72, 3: 5, 4: 14}, 1: {0: 159, 1: 377, 2: 7, 3: 0, 4: 5}, 2: {0: 49, 1: 4, 2: 1350, 3: 8, 4: 8}, 3: {0: 43, 1: 0, 2: 16, 3: 94, 4: 0}, 4: {0: 37, 1: 0, 2: 11, 3: 0, 4: 1516}}
50	mexh	(50, 32, 4)	tanh	1e-05	0.99149	0.99201	492.02	./w50/NN.036.model	{0: {0: 18155, 1: 22, 2: 21, 3: 4, 4: 6}, 1: {0: 23, 1: 522, 2: 3, 3: 0, 4: 0}, 2: {0: 13, 1: 3, 2: 1398, 3: 0, 4: 5}, 3: {0: 37, 1: 0, 2: 20, 3: 96, 4: 0}, 4: {0: 13, 1: 4, 2: 1, 3: 0, 4: 1546}}
50	mexh	(50, 32, 4)	tanh	0.0001	0.99077	0.99141	309.12	./w50/NN.037.model	{0: {0: 18155, 1: 30, 2: 8, 3: 12, 4: 3}, 1: {0: 41, 1: 503, 2: 3, 3: 0, 4: 1}, 2: {0: 25, 1: 4, 2: 1382, 3: 7, 4: 1}, 3: {0: 23, 1: 0, 2: 7, 3: 123, 4: 0}, 4: {0: 21, 1: 1, 2: 1, 3: 0, 4: 1541}}
50	mexh	(50, 32, 4)	tanh	0.01	0.98503	0.98666	309.00	./w50/NN.038.model	{0: {0: 18115, 1: 42, 2: 32, 3: 6, 4: 13}, 1: {0: 79, 1: 461, 2: 6, 3: 0, 4: 2}, 2: {0: 39, 1: 1, 2: 1370, 3: 7, 4: 2}, 3: {0: 28, 1: 0, 2: 14, 3: 111, 4: 0}, 4: {0: 14, 1: 3, 2: 4, 3: 0, 4: 1543}}
50	mexh	(50, 32, 4)	tanh	0.1	0.97929	0.98086	169.48	./w50/NN.039.model	{0: {0: 18110, 1: 45, 2: 25, 3: 18, 4: 10}, 1: {0: 124, 1: 417, 2: 6, 3: 0, 4: 1}, 2: {0: 70, 1: 3, 2: 1333, 3: 7, 4: 6}, 3: {0: 34, 1: 0, 2: 15, 3: 104, 4: 0}, 4: {0: 50, 1: 1, 2: 4, 3: 0, 4: 1509}}
50	morl	(100)	relu	1e-05	0.99676	0.99712	506.46	./w50/NN.040.model	{0: {0: 18202, 1: 5, 2: 1, 3: 0, 4: 0}, 1: {0: 10, 1: 538, 2: 0, 3: 0, 4: 0}, 2: {0: 6, 1: 0, 2: 1404, 3: 6, 4: 3}, 3: {0: 27, 1: 0, 2: 4, 3: 122, 4: 0}, 4: {0: 0, 1: 0, 2: 0, 3: 1, 4: 1563}}
50	morl	(100)	relu	0.0001	0.99742	0.99740	656.14	./w50/NN.041.model	{0: {0: 18174, 1: 16, 2: 5, 3: 10, 4: 3}, 1: {0: 4, 1: 544, 2: 0, 3: 0, 4: 0}, 2: {0: 1, 1: 0, 2: 1410, 3: 6, 4: 2}, 3: {0: 8, 1: 0, 2: 0, 3: 145, 4: 0}, 4: {0: 0, 1: 1, 2: 0, 3: 1, 4: 1562}}
50	morl	(100)	relu	0.01	0.98983	0.99059	399.14	./w50/NN.042.model	{0: {0: 18151, 1: 30, 2: 15, 3: 1, 4: 11}, 1: {0: 56, 1: 492, 2: 0, 3: 0, 4: 0}, 2: {0: 34, 1: 4, 2: 1375, 3: 3, 4: 3}, 3: {0: 33, 1: 0, 2: 9, 3: 111, 4: 0}, 4: {0: 5, 1: 1, 2: 1, 3: 0, 4: 1557}}
50	morl	(100)	relu	0.1	0.97805	0.97807	407.02	./w50/NN.043.model	{0: {0: 18155, 1: 19, 2: 21, 3: 4, 4: 9}, 1: {0: 166, 1: 375, 2: 7, 3: 0, 4: 0}, 2: {0: 93, 1: 4, 2: 1303, 3: 4, 4: 15}, 3: {0: 60, 1: 0, 2: 14, 3: 79, 4: 0}, 4: {0: 59, 1: 0, 2: 5, 3: 0, 4: 1500}}
50	morl	(100)	tanh	1e-05	0.99818	0.99831	568.32	./w50/NN.044.model	{0: {0: 18201, 1: 5, 2: 0, 3: 1, 4: 1}, 1: {0: 4, 1: 544, 2: 0, 3: 0, 4: 0}, 2: {0: 1, 1: 0, 2: 1417, 3: 1, 4: 0}, 3: {0: 15, 1: 0, 2: 6, 3: 132, 4: 0}, 4: {0: 3, 1: 0, 2: 0, 3: 0, 4: 1561}}
50	morl	(100)	tanh	0.0001	0.99815	0.99817	429.25	./w50/NN.045.model	{0: {0: 18204, 1: 0, 2: 0, 3: 3, 4: 1}, 1: {0: 4, 1: 544, 2: 0, 3: 0, 4: 0}, 2: {0: 1, 1: 0, 2: 1407, 3: 11, 4: 0}, 3: {0: 20, 1: 0, 2: 0, 3: 133, 4: 0}, 4: {0: 0, 1: 0, 2: 0, 3: 0, 4: 1564}}
50	morl	(100)	tanh	0.01	0.99173	0.99228	410.28	./w50/NN.046.model	{0: {0: 18164, 1: 24, 2: 8, 3: 3, 4: 9}, 1: {0: 46, 1: 499, 2: 2, 3: 0, 4: 1}, 2: {0: 15, 1: 4, 2: 1397, 3: 2, 4: 1}, 3: {0: 37, 1: 0, 2: 8, 3: 108, 4: 0}, 4: {0: 8, 1: 1, 2: 0, 3: 0, 4: 1555}}
50	morl	(100)	tanh	0.1	0.97635	0.97666	287.93	./w50/NN.047.model	{0: {0: 18166, 1: 9, 2: 24, 3: 3, 4: 6}, 1: {0: 205, 1: 335, 2: 8, 3: 0, 4: 0}, 2: {0: 94, 1: 0, 2: 1295, 3: 22, 4: 8}, 3: {0: 48, 1: 0, 2: 4, 3: 101, 4: 0}, 4: {0: 73, 1: 0, 2: 7, 3: 0, 4: 1484}}
50	morl	(16, 16)	relu	1e-05	0.98511	0.98525	143.91	./w50/NN.048.model	{0: {0: 18139, 1: 28, 2: 26, 3: 3, 4: 12}, 1: {0: 82, 1: 462, 2: 3, 3: 0, 4: 1}, 2: {0: 35, 1: 6, 2: 1362, 3: 9, 4: 7}, 3: {0: 33, 1: 0, 2: 17, 3: 103, 4: 0}, 4: {0: 55, 1: 0, 2: 6, 3: 0, 4: 1503}}
50	morl	(16, 16)	relu	0.0001	0.98747	0.98844	232.33	./w50/NN.049.model	{0: {0: 18132, 1: 22, 2: 26, 3: 16, 4: 12}, 1: {0: 58, 1: 485, 2: 4, 3: 0, 4: 1}, 2: {0: 37, 1: 2, 2: 1367, 3: 2, 4: 11}, 3: {0: 26, 1: 0, 2: 15, 3: 112, 4: 0}, 4: {0: 16, 1: 1, 2: 4, 3: 0, 4: 1543}}
50	morl	(16, 16)	relu	0.01	0.98438	0.98506	186.13	./w50/NN.050.model	{0: {0: 18138, 1: 22, 2: 33, 3: 4, 4: 11}, 1: {0: 85, 1: 453, 2: 10, 3: 0, 4: 0}, 2: {0: 52, 1: 2, 2: 1354, 3: 5, 4: 6}, 3: {0: 40, 1: 0, 2: 8, 3: 105, 4: 0}, 4: {0: 38, 1: 1, 2: 10, 3: 0, 4: 1515}}
50	morl	(16, 16)	relu	0.1	0.97812	0.97858	121.53	./w50/NN.051.model	{0: {0: 18115, 1: 22, 2: 52, 3: 11, 4: 8}, 1: {0: 134, 1: 400, 2: 13, 3: 1, 4: 0}, 2: {0: 52, 1: 6, 2: 1331, 3: 24, 4: 6}, 3: {0: 41, 1: 0, 2: 7, 3: 105, 4: 0}, 4: {0: 76, 1: 1, 2: 15, 3: 0, 4: 1472}}
50	morl	(16, 16)	tanh	1e-05	0.98729	0.98780	242.84	./w50/NN.052.model	{0: {0: 18120, 1: 24, 2: 26, 3: 9, 4: 29}, 1: {0: 65, 1: 479, 2: 1, 3: 0, 4: 3}, 2: {0: 31, 1: 2, 2: 1374, 3: 6, 4: 6}, 3: {0: 30, 1: 0, 2: 6, 3: 117, 4: 0}, 4: {0: 20, 1: 0, 2: 9, 3: 0, 4: 1535}}
50	morl	(16, 16)	tanh	0.0001	0.98915	0.98959	224.52	./w50/NN.053.model	{0: {0: 18154, 1: 13, 2: 19, 3: 10, 4: 12}, 1: {0: 67, 1: 478, 2: 2, 3: 1, 4: 0}, 2: {0: 25, 1: 0, 2: 1380, 3: 7, 4: 7}, 3: {0: 26, 1: 0, 2: 6, 3: 121, 4: 0}, 4: {0: 29, 1: 0, 2: 3, 3: 1, 4: 1531}}
50	morl	(16, 16)	tanh	0.01	0.98395	0.98465	208.89	./w50/NN.054.model	{0: {0: 18111, 1: 29, 2: 49, 3: 5, 4: 14}, 1: {0: 78, 1: 462, 2: 7, 3: 0, 4: 1}, 2: {0: 50, 1: 2, 2: 1359, 3: 8, 4: 0}, 3: {0: 41, 1: 0, 2: 4, 3: 108, 4: 0}, 4: {0: 33, 1: 0, 2: 15, 3: 0, 4: 1516}}
50	morl	(16, 16)	tanh	0.1	0.97623	0.97638	137.95	./w50/NN.055.model	{0: {0: 18073, 1: 36, 2: 60, 3: 23, 4: 16}, 1: {0: 128, 1: 407, 2: 12, 3: 0, 4: 1}, 2: {0: 69, 1: 4, 2: 1332, 3: 7, 4: 7}, 3: {0: 41, 1: 0, 2: 19, 3: 93, 4: 0}, 4: {0: 74, 1: 1, 2: 19, 3: 0, 4: 1470}}
50	morl	(100, 16)	relu	1e-05	0.99817	0.99826	684.12	./w50/NN.056.model	{0: {0: 18197, 1: 7, 2: 1, 3: 3, 4: 0}, 1: {0: 5, 1: 543, 2: 0, 3: 0, 4: 0}, 2: {0: 2, 1: 0, 2: 1415, 3: 2, 4: 0}, 3: {0: 11, 1: 0, 2: 4, 3: 138, 4: 0}, 4: {0: 3, 1: 0, 2: 0, 3: 0, 4: 1561}}
50	morl	(100, 16)	relu	0.0001	0.99672	0.99644	468.37	./w50/NN.057.model	{0: {0: 18176, 1: 18, 2: 2, 3: 6, 4: 6}, 1: {0: 12, 1: 534, 2: 1, 3: 0, 4: 1}, 2: {0: 3, 1: 1, 2: 1401, 3: 13, 4: 1}, 3: {0: 12, 1: 0, 2: 0, 3: 141, 4: 0}, 4: {0: 2, 1: 0, 2: 0, 3: 0, 4: 1562}}
50	morl	(100, 16)	relu	0.01	0.99203	0.99269	458.03	./w50/NN.058.model	{0: {0: 18165, 1: 17, 2: 14, 3: 9, 4: 3}, 1: {0: 43, 1: 502, 2: 2, 3: 0, 4: 1}, 2: {0: 16, 1: 2, 2: 1388, 3: 13, 4: 0}, 3: {0: 31, 1: 0, 2: 2, 3: 120, 4: 0}, 4: {0: 6, 1: 0, 2: 1, 3: 0, 4: 1557}}
50	morl	(100, 16)	relu	0.1	0.98254	0.98255	548.08	./w50/NN.059.model	{0: {0: 18109, 1: 14, 2: 63, 3: 4, 4: 18}, 1: {0: 123, 1: 411, 2: 12, 3: 0, 4: 2}, 2: {0: 29, 1: 1, 2: 1366, 3: 15, 4: 8}, 3: {0: 37, 1: 0, 2: 12, 3: 104, 4: 0}, 4: {0: 40, 1: 0, 2: 4, 3: 0, 4: 1520}}
50	morl	(100, 16)	tanh	1e-05	0.99861	0.99868	556.71	./w50/NN.060.model	{0: {0: 18199, 1: 0, 2: 3, 3: 4, 4: 2}, 1: {0: 7, 1: 541, 2: 0, 3: 0, 4: 0}, 2: {0: 0, 1: 0, 2: 1414, 3: 5, 4: 0}, 3: {0: 6, 1: 0, 2: 2, 3: 145, 4: 0}, 4: {0: 0, 1: 0, 2: 0, 3: 0, 4: 1564}}
50	morl	(100, 16)	tanh	0.0001	0.99796	0.99808	342.72	./w50/NN.061.model	{0: {0: 18201, 1: 3, 2: 3, 3: 1, 4: 0}, 1: {0: 4, 1: 544, 2: 0, 3: 0, 4: 0}, 2: {0: 2, 1: 0, 2: 1416, 3: 1, 4: 0}, 3: {0: 22, 1: 0, 2: 3, 3: 128, 4: 0}, 4: {0: 2, 1: 1, 2: 0, 3: 0, 4: 1561}}
50	morl	(100, 16)	tanh	0.01	0.99453	0.99493	441.54	./w50/NN.062.model	{0: {0: 18182, 1: 12, 2: 4, 3: 9, 4: 1}, 1: {0: 42, 1: 506, 2: 0, 3: 0, 4: 0}, 2: {0: 5, 1: 0, 2: 1409, 3: 4, 4: 1}, 3: {0: 22, 1: 0, 2: 5, 3: 126, 4: 0}, 4: {0: 3, 1: 0, 2: 3, 3: 0, 4: 1558}}
50	morl	(100, 16)	tanh	0.1	0.98198	0.98305	259.22	./w50/NN.063.model	{0: {0: 18134, 1: 37, 2: 27, 3: 1, 4: 9}, 1: {0: 113, 1: 426, 2: 9, 3: 0, 4: 0}, 2: {0: 42, 1: 3, 2: 1365, 3: 4, 4: 5}, 3: {0: 48, 1: 0, 2: 13, 3: 92, 4: 0}, 4: {0: 49, 1: 1, 2: 10, 3: 0, 4: 1504}}
50	morl	(50, 32)	relu	1e-05	0.99643	0.99653	339.12	./w50/NN.064.model	{0: {0: 18193, 1: 4, 2: 3, 3: 3, 4: 5}, 1: {0: 26, 1: 521, 2: 1, 3: 0, 4: 0}, 2: {0: 4, 1: 0, 2: 1412, 3: 0, 4: 3}, 3: {0: 20, 1: 0, 2: 7, 3: 126, 4: 0}, 4: {0: 0, 1: 0, 2: 0, 3: 0, 4: 1564}}
50	morl	(50, 32)	relu	0.0001	0.99449	0.99438	308.87	./w50/NN.065.model	{0: {0: 18137, 1: 57, 2: 6, 3: 3, 4: 5}, 1: {0: 9, 1: 538, 2: 0, 3: 0, 4: 1}, 2: {0: 5, 1: 4, 2: 1406, 3: 1, 4: 3}, 3: {0: 19, 1: 0, 2: 9, 3: 125, 4: 0}, 4: {0: 0, 1: 1, 2: 0, 3: 0, 4: 1563}}
50	morl	(50, 32)	relu	0.01	0.98986	0.99004	206.86	./w50/NN.066.model	{0: {0: 18180, 1: 14, 2: 5, 3: 8, 4: 1}, 1: {0: 52, 1: 496, 2: 0, 3: 0, 4: 0}, 2: {0: 40, 1: 4, 2: 1343, 3: 26, 4: 6}, 3: {0: 29, 1: 0, 2: 3, 3: 121, 4: 0}, 4: {0: 27, 1: 0, 2: 2, 3: 1, 4: 1534}}
50	morl	(50, 32)	relu	0.1	0.97892	0.97944	234.61	./w50/NN.067.model	{0: {0: 18052, 1: 10, 2: 42, 3: 95, 4: 9}, 1: {0: 133, 1: 406, 2: 7, 3: 1, 4: 1}, 2: {0: 47, 1: 5, 2: 1358, 3: 5, 4: 4}, 3: {0: 25, 1: 0, 2: 12, 3: 116, 4: 0}, 4: {0: 42, 1: 0, 2: 12, 3: 0, 4: 1510}}
50	morl	(50, 32)	tanh	1e-05	0.99794	0.99785	510.70	./w50/NN.068.model	{0: {0: 18191, 1: 7, 2: 1, 3: 5, 4: 4}, 1: {0: 2, 1: 546, 2: 0, 3: 0, 4: 0}, 2: {0: 4, 1: 0, 2: 1406, 3: 9, 4: 0}, 3: {0: 14, 1: 0, 2: 1, 3: 138, 4: 0}, 4: {0: 0, 1: 0, 2: 0, 3: 0, 4: 1564}}
50	morl	(50, 32)	tanh	0.0001	0.99799	0.99831	336.65	./w50/NN.069.model	{0: {0: 18195, 1: 2, 2: 0, 3: 9, 4: 2}, 1: {0: 5, 1: 543, 2: 0, 3: 0, 4: 0}, 2: {0: 0, 1: 0, 2: 1411, 3: 8, 4: 0}, 3: {0: 10, 1: 0, 2: 0, 3: 143, 4: 0}, 4: {0: 1, 1: 0, 2: 0, 3: 0, 4: 1563}}
50	morl	(50, 32)	tanh	0.01	0.99121	0.99160	295.93	./w50/NN.070.model	{0: {0: 18185, 1: 11, 2: 5, 3: 2, 4: 5}, 1: {0: 54, 1: 494, 2: 0, 3: 0, 4: 0}, 2: {0: 42, 1: 4, 2: 1370, 3: 2, 4: 1}, 3: {0: 32, 1: 0, 2: 9, 3: 112, 4: 0}, 4: {0: 17, 1: 0, 2: 0, 3: 0, 4: 1547}}
50	morl	(50, 32)	tanh	0.1	0.98070	0.98155	216.88	./w50/NN.071.model	{0: {0: 18070, 1: 44, 2: 80, 3: 6, 4: 8}, 1: {0: 98, 1: 439, 2: 11, 3: 0, 4: 0}, 2: {0: 28, 1: 3, 2: 1377, 3: 7, 4: 4}, 3: {0: 44, 1: 0, 2: 13, 3: 96, 4: 0}, 4: {0: 43, 1: 1, 2: 14, 3: 0, 4: 1506}}
50	morl	(50, 32, 4)	relu	1e-05	0.99585	0.99598	332.47	./w50/NN.072.model	{0: {0: 18170, 1: 9, 2: 1, 3: 7, 4: 21}, 1: {0: 12, 1: 535, 2: 0, 3: 0, 4: 1}, 2: {0: 3, 1: 0, 2: 1414, 3: 0, 4: 2}, 3: {0: 22, 1: 0, 2: 10, 3: 121, 4: 0}, 4: {0: 0, 1: 0, 2: 0, 3: 0, 4: 1564}}
50	morl	(50, 32, 4)	relu	0.0001	0.99624	0.99648	307.52	./w50/NN.073.model	{0: {0: 18195, 1: 1, 2: 2, 3: 8, 4: 2}, 1: {0: 22, 1: 526, 2: 0, 3: 0, 4: 0}, 2: {0: 11, 1: 2, 2: 1400, 3: 6, 4: 0}, 3: {0: 15, 1: 0, 2: 4, 3: 134, 4: 0}, 4: {0: 4, 1: 0, 2: 0, 3: 0, 4: 1560}}
50	morl	(50, 32, 4)	relu	0.01	0.99221	0.99219	267.40	./w50/NN.074.model	{0: {0: 18157, 1: 16, 2: 17, 3: 8, 4: 10}, 1: {0: 34, 1: 509, 2: 3, 3: 0, 4: 2}, 2: {0: 7, 1: 2, 2: 1394, 3: 12, 4: 4}, 3: {0: 31, 1: 0, 2: 5, 3: 116, 4: 1}, 4: {0: 15, 1: 0, 2: 4, 3: 0, 4: 1545}}
50	morl	(50, 32, 4)	relu	0.1	0.98340	0.98324	175.61	./w50/NN.075.model	{0: {0: 18135, 1: 40, 2: 21, 3: 3, 4: 9}, 1: {0: 110, 1: 433, 2: 5, 3: 0, 4: 0}, 2: {0: 55, 1: 6, 2: 1345, 3: 3, 4: 10}, 3: {0: 39, 1: 0, 2: 18, 3: 96, 4: 0}, 4: {0: 47, 1: 0, 2: 1, 3: 0, 4: 1516}}
50	morl	(50, 32, 4)	tanh	1e-05	0.99606	0.99593	384.72	./w50/NN.076.model	{0: {0: 18161, 1: 26, 2: 3, 3: 13, 4: 5}, 1: {0: 10, 1: 537, 2: 0, 3: 0, 4: 1}, 2: {0: 1, 1: 0, 2: 1411, 3: 7, 4: 0}, 3: {0: 9, 1: 0, 2: 5, 3: 139, 4: 0}, 4: {0: 6, 1: 0, 2: 3, 3: 0, 4: 1555}}
50	morl	(50, 32, 4)	tanh	0.0001	0.99676	0.99721	275.32	./w50/NN.077.model	{0: {0: 18196, 1: 5, 2: 3, 3: 0, 4: 4}, 1: {0: 12, 1: 535, 2: 1, 3: 0, 4: 0}, 2: {0: 5, 1: 0, 2: 1410, 3: 4, 4: 0}, 3: {0: 15, 1: 0, 2: 2, 3: 136, 4: 0}, 4: {0: 8, 1: 0, 2: 2, 3: 0, 4: 1554}}
50	morl	(50, 32, 4)	tanh	0.01	0.99346	0.99338	280.11	./w50/NN.078.model	{0: {0: 18172, 1: 11, 2: 13, 3: 8, 4: 4}, 1: {0: 45, 1: 502, 2: 0, 3: 0, 4: 1}, 2: {0: 12, 1: 0, 2: 1399, 3: 7, 4: 1}, 3: {0: 24, 1: 0, 2: 10, 3: 119, 4: 0}, 4: {0: 6, 1: 1, 2: 1, 3: 1, 4: 1555}}
50	morl	(50, 32, 4)	tanh	0.1	0.98271	0.98324	169.71	./w50/NN.079.model	{0: {0: 18121, 1: 51, 2: 22, 3: 5, 4: 9}, 1: {0: 94, 1: 449, 2: 4, 3: 1, 4: 0}, 2: {0: 50, 1: 3, 2: 1350, 3: 14, 4: 2}, 3: {0: 42, 1: 0, 2: 7, 3: 104, 4: 0}, 4: {0: 57, 1: 0, 2: 6, 3: 0, 4: 1501}}
50	morl	(800)	tanh	1e-05	0.99839	0.99831	2469.02	./big_nn/w50.morl/NN.000.model	{0: {0: 18208, 1: 0, 2: 0, 3: 0, 4: 0}, 1: {0: 4, 1: 544, 2: 0, 3: 0, 4: 0}, 2: {0: 1, 1: 0, 2: 1418, 3: 0, 4: 0}, 3: {0: 22, 1: 0, 2: 9, 3: 122, 4: 0}, 4: {0: 1, 1: 0, 2: 0, 3: 0, 4: 1563}}
50	morl	(400)	tanh	1e-05	0.99885	0.99877	1428.13	./big_nn/w50.morl/NN.001.model	{0: {0: 18205, 1: 1, 2: 0, 3: 2, 4: 0}, 1: {0: 1, 1: 547, 2: 0, 3: 0, 4: 0}, 2: {0: 0, 1: 0, 2: 1411, 3: 8, 4: 0}, 3: {0: 14, 1: 0, 2: 1, 3: 138, 4: 0}, 4: {0: 0, 1: 0, 2: 0, 3: 0, 4: 1564}}
50	morl	(800, 50)	tanh	1e-05	0.99582	0.99644	1843.06	./big_nn/w50.morl/NN.002.model	{0: {0: 18170, 1: 16, 2: 3, 3: 16, 4: 3}, 1: {0: 11, 1: 536, 2: 1, 3: 0, 4: 0}, 2: {0: 7, 1: 0, 2: 1411, 3: 1, 4: 0}, 3: {0: 12, 1: 0, 2: 6, 3: 135, 4: 0}, 4: {0: 1, 1: 0, 2: 0, 3: 1, 4: 1562}}
50	morl	(400, 50)	tanh	1e-05	0.99822	0.99799	1539.50	./big_nn/w50.morl/NN.003.model	{0: {0: 18189, 1: 6, 2: 6, 3: 5, 4: 2}, 1: {0: 2, 1: 546, 2: 0, 3: 0, 4: 0}, 2: {0: 2, 1: 0, 2: 1408, 3: 9, 4: 0}, 3: {0: 11, 1: 0, 2: 0, 3: 142, 4: 0}, 4: {0: 1, 1: 0, 2: 0, 3: 0, 4: 1563}}
50	morl	(2000)	tanh	1e-05	0.99770	0.99735	5614.36	./big_nn/w50.morl.2000.tanh/NN.000.model	{0: {0: 18193, 1: 3, 2: 0, 3: 5, 4: 7}, 1: {0: 11, 1: 537, 2: 0, 3: 0, 4: 0}, 2: {0: 4, 1: 1, 2: 1404, 3: 8, 4: 2}, 3: {0: 15, 1: 0, 2: 0, 3: 138, 4: 0}, 4: {0: 2, 1: 0, 2: 0, 3: 0, 4: 1562}}
75	gaus5	(100)	relu	1e-05	0.99408	0.99356	639.02	./w75/NN.048.model	{0: {0: 18072, 1: 24, 2: 20, 3: 3, 4: 10}, 1: {0: 19, 1: 521, 2: 6, 3: 0, 4: 2}, 2: {0: 13, 1: 0, 2: 1378, 3: 10, 4: 7}, 3: {0: 18, 1: 0, 2: 4, 3: 142, 4: 1}, 4: {0: 3, 1: 0, 2: 1, 3: 0, 4: 1638}}
75	gaus5	(100)	relu	0.0001	0.99507	0.99452	794.12	./w75/NN.049.model	{0: {0: 18085, 1: 19, 2: 14, 3: 4, 4: 7}, 1: {0: 30, 1: 517, 2: 1, 3: 0, 4: 0}, 2: {0: 5, 1: 0, 2: 1396, 3: 7, 4: 0}, 3: {0: 15, 1: 0, 2: 13, 3: 137, 4: 0}, 4: {0: 4, 1: 0, 2: 1, 3: 0, 4: 1637}}
75	gaus5	(100)	relu	0.01	0.98693	0.98602	641.45	./w75/NN.050.model	{0: {0: 18071, 1: 19, 2: 15, 3: 3, 4: 21}, 1: {0: 92, 1: 452, 2: 1, 3: 1, 4: 2}, 2: {0: 49, 1: 2, 2: 1323, 3: 16, 4: 18}, 3: {0: 39, 1: 0, 2: 10, 3: 115, 4: 1}, 4: {0: 14, 1: 1, 2: 2, 3: 0, 4: 1625}}
75	gaus5	(100)	tanh	1e-05	0.99688	0.99635	728.83	./w75/NN.051.model	{0: {0: 18120, 1: 5, 2: 2, 3: 2, 4: 0}, 1: {0: 14, 1: 534, 2: 0, 3: 0, 4: 0}, 2: {0: 8, 1: 0, 2: 1389, 3: 10, 4: 1}, 3: {0: 19, 1: 0, 2: 8, 3: 138, 4: 0}, 4: {0: 11, 1: 0, 2: 0, 3: 0, 4: 1631}}
75	gaus5	(100)	tanh	0.0001	0.99628	0.99575	585.53	./w75/NN.052.model	{0: {0: 18094, 1: 22, 2: 7, 3: 3, 4: 3}, 1: {0: 10, 1: 535, 2: 1, 3: 1, 4: 1}, 2: {0: 3, 1: 1, 2: 1395, 3: 8, 4: 1}, 3: {0: 18, 1: 0, 2: 9, 3: 138, 4: 0}, 4: {0: 4, 1: 0, 2: 1, 3: 0, 4: 1637}}
75	gaus5	(100)	tanh	0.01	0.98886	0.98853	487.26	./w75/NN.053.model	{0: {0: 18040, 1: 34, 2: 35, 3: 9, 4: 11}, 1: {0: 53, 1: 486, 2: 7, 3: 1, 4: 1}, 2: {0: 21, 1: 0, 2: 1379, 3: 5, 4: 3}, 3: {0: 25, 1: 0, 2: 24, 3: 116, 4: 0}, 4: {0: 12, 1: 0, 2: 10, 3: 0, 4: 1620}}
75	gaus5	(100, 16)	relu	1e-05	0.99461	0.99507	628.28	./w75/NN.054.model	{0: {0: 18108, 1: 3, 2: 7, 3: 8, 4: 3}, 1: {0: 45, 1: 501, 2: 2, 3: 0, 4: 0}, 2: {0: 7, 1: 0, 2: 1395, 3: 6, 4: 0}, 3: {0: 11, 1: 0, 2: 13, 3: 141, 4: 0}, 4: {0: 2, 1: 0, 2: 1, 3: 0, 4: 1639}}
75	gaus5	(100, 16)	relu	0.0001	0.99357	0.99246	510.81	./w75/NN.055.model	{0: {0: 18104, 1: 15, 2: 8, 3: 0, 4: 2}, 1: {0: 39, 1: 505, 2: 3, 3: 0, 4: 1}, 2: {0: 13, 1: 0, 2: 1382, 3: 11, 4: 2}, 3: {0: 34, 1: 1, 2: 13, 3: 117, 4: 0}, 4: {0: 17, 1: 1, 2: 5, 3: 0, 4: 1619}}
75	gaus5	(100, 16)	relu	0.01	0.98961	0.98949	657.18	./w75/NN.056.model	{0: {0: 18096, 1: 16, 2: 4, 3: 5, 4: 8}, 1: {0: 79, 1: 465, 2: 3, 3: 0, 4: 1}, 2: {0: 44, 1: 0, 2: 1348, 3: 15, 4: 1}, 3: {0: 36, 1: 0, 2: 6, 3: 123, 4: 0}, 4: {0: 6, 1: 3, 2: 3, 3: 0, 4: 1630}}
75	gaus5	(100, 16)	tanh	1e-05	0.99576	0.99502	554.40	./w75/NN.057.model	{0: {0: 18117, 1: 3, 2: 6, 3: 3, 4: 0}, 1: {0: 36, 1: 509, 2: 2, 3: 0, 4: 1}, 2: {0: 10, 1: 3, 2: 1381, 3: 13, 4: 1}, 3: {0: 21, 1: 0, 2: 3, 3: 141, 4: 0}, 4: {0: 5, 1: 0, 2: 1, 3: 1, 4: 1635}}
75	gaus5	(100, 16)	tanh	0.0001	0.99688	0.99630	933.98	./w75/NN.058.model	{0: {0: 18105, 1: 7, 2: 5, 3: 4, 4: 8}, 1: {0: 14, 1: 532, 2: 0, 3: 1, 4: 1}, 2: {0: 2, 1: 0, 2: 1390, 3: 11, 4: 5}, 3: {0: 14, 1: 0, 2: 8, 3: 143, 4: 0}, 4: {0: 0, 1: 0, 2: 0, 3: 1, 4: 1641}}
75	gaus5	(100, 16)	tanh	0.01	0.98779	0.98762	504.40	./w75/NN.059.model	{0: {0: 18017, 1: 75, 2: 14, 3: 5, 4: 18}, 1: {0: 42, 1: 502, 2: 2, 3: 0, 4: 2}, 2: {0: 22, 1: 5, 2: 1374, 3: 4, 4: 3}, 3: {0: 40, 1: 1, 2: 25, 3: 99, 4: 0}, 4: {0: 6, 1: 3, 2: 4, 3: 0, 4: 1629}}
75	gaus5	(50, 32)	relu	1e-05	0.99433	0.99383	319.99	./w75/NN.060.model	{0: {0: 18108, 1: 9, 2: 8, 3: 4, 4: 0}, 1: {0: 52, 1: 495, 2: 0, 3: 0, 4: 1}, 2: {0: 12, 1: 3, 2: 1389, 3: 4, 4: 0}, 3: {0: 23, 1: 0, 2: 13, 3: 129, 4: 0}, 4: {0: 5, 1: 0, 2: 1, 3: 0, 4: 1636}}
75	gaus5	(50, 32)	relu	0.0001	0.99547	0.99511	374.44	./w75/NN.061.model	{0: {0: 18099, 1: 19, 2: 6, 3: 4, 4: 1}, 1: {0: 26, 1: 521, 2: 0, 3: 0, 4: 1}, 2: {0: 12, 1: 2, 2: 1392, 3: 2, 4: 0}, 3: {0: 17, 1: 0, 2: 11, 3: 137, 4: 0}, 4: {0: 4, 1: 0, 2: 2, 3: 0, 4: 1636}}
75	gaus5	(50, 32)	relu	0.01	0.99079	0.99059	454.65	./w75/NN.062.model	{0: {0: 18074, 1: 20, 2: 19, 3: 5, 4: 11}, 1: {0: 53, 1: 491, 2: 1, 3: 1, 4: 2}, 2: {0: 20, 1: 3, 2: 1375, 3: 8, 4: 2}, 3: {0: 31, 1: 1, 2: 14, 3: 119, 4: 0}, 4: {0: 8, 1: 2, 2: 5, 3: 0, 4: 1627}}
75	gaus5	(50, 32)	tanh	1e-05	0.99527	0.99498	416.44	./w75/NN.063.model	{0: {0: 18110, 1: 6, 2: 5, 3: 6, 4: 2}, 1: {0: 27, 1: 518, 2: 2, 3: 0, 4: 1}, 2: {0: 6, 1: 0, 2: 1387, 3: 12, 4: 3}, 3: {0: 18, 1: 0, 2: 16, 3: 131, 4: 0}, 4: {0: 3, 1: 0, 2: 3, 3: 0, 4: 1636}}
75	gaus5	(50, 32)	tanh	0.0001	0.99534	0.99507	443.18	./w75/NN.064.model	{0: {0: 18112, 1: 14, 2: 1, 3: 0, 4: 2}, 1: {0: 18, 1: 529, 2: 1, 3: 0, 4: 0}, 2: {0: 10, 1: 4, 2: 1389, 3: 4, 4: 1}, 3: {0: 29, 1: 1, 2: 15, 3: 120, 4: 0}, 4: {0: 5, 1: 0, 2: 3, 3: 0, 4: 1634}}
75	gaus5	(50, 32)	tanh	0.01	0.99046	0.99013	406.51	./w75/NN.065.model	{0: {0: 18079, 1: 19, 2: 15, 3: 13, 4: 3}, 1: {0: 67, 1: 477, 2: 2, 3: 0, 4: 2}, 2: {0: 21, 1: 0, 2: 1383, 3: 4, 4: 0}, 3: {0: 23, 1: 0, 2: 18, 3: 124, 4: 0}, 4: {0: 20, 1: 1, 2: 7, 3: 1, 4: 1613}}
75	gaus5	(50, 32, 4)	relu	1e-05	0.99419	0.99411	449.74	./w75/NN.066.model	{0: {0: 18100, 1: 16, 2: 5, 3: 4, 4: 4}, 1: {0: 20, 1: 525, 2: 1, 3: 2, 4: 0}, 2: {0: 9, 1: 0, 2: 1388, 3: 8, 4: 3}, 3: {0: 24, 1: 1, 2: 13, 3: 127, 4: 0}, 4: {0: 7, 1: 0, 2: 12, 3: 0, 4: 1623}}
75	gaus5	(50, 32, 4)	relu	0.0001	0.99330	0.99251	507.25	./w75/NN.067.model	{0: {0: 18114, 1: 9, 2: 2, 3: 4, 4: 0}, 1: {0: 49, 1: 499, 2: 0, 3: 0, 4: 0}, 2: {0: 31, 1: 6, 2: 1350, 3: 18, 4: 3}, 3: {0: 24, 1: 0, 2: 6, 3: 133, 4: 2}, 4: {0: 10, 1: 0, 2: 0, 3: 0, 4: 1632}}
75	gaus5	(50, 32, 4)	relu	0.01	0.99034	0.98890	401.54	./w75/NN.068.model	{0: {0: 18061, 1: 36, 2: 17, 3: 3, 4: 12}, 1: {0: 64, 1: 481, 2: 1, 3: 1, 4: 1}, 2: {0: 33, 1: 1, 2: 1359, 3: 14, 4: 1}, 3: {0: 39, 1: 0, 2: 8, 3: 118, 4: 0}, 4: {0: 11, 1: 0, 2: 1, 3: 0, 4: 1630}}
75	gaus5	(50, 32, 4)	tanh	1e-05	0.99352	0.99333	414.53	./w75/NN.069.model	{0: {0: 18107, 1: 13, 2: 0, 3: 5, 4: 4}, 1: {0: 34, 1: 513, 2: 0, 3: 0, 4: 1}, 2: {0: 20, 1: 3, 2: 1370, 3: 6, 4: 9}, 3: {0: 25, 1: 0, 2: 14, 3: 126, 4: 0}, 4: {0: 10, 1: 1, 2: 1, 3: 0, 4: 1630}}
75	gaus5	(50, 32, 4)	tanh	0.0001	0.99371	0.99315	382.20	./w75/NN.070.model	{0: {0: 18100, 1: 15, 2: 4, 3: 8, 4: 2}, 1: {0: 33, 1: 512, 2: 2, 3: 0, 4: 1}, 2: {0: 18, 1: 2, 2: 1380, 3: 7, 4: 1}, 3: {0: 24, 1: 0, 2: 15, 3: 126, 4: 0}, 4: {0: 14, 1: 1, 2: 3, 3: 0, 4: 1624}}
75	gaus5	(50, 32, 4)	tanh	0.01	0.98952	0.98904	334.09	./w75/NN.071.model	{0: {0: 18097, 1: 15, 2: 8, 3: 7, 4: 2}, 1: {0: 75, 1: 467, 2: 6, 3: 0, 4: 0}, 2: {0: 31, 1: 8, 2: 1363, 3: 3, 4: 3}, 3: {0: 30, 1: 0, 2: 20, 3: 115, 4: 0}, 4: {0: 30, 1: 1, 2: 1, 3: 0, 4: 1610}}
75	mexh	(100)	relu	1e-05	0.99025	0.99013	1024.68	./w75/NN.000.model	{0: {0: 18065, 1: 9, 2: 24, 3: 29, 4: 2}, 1: {0: 70, 1: 472, 2: 3, 3: 2, 4: 1}, 2: {0: 24, 1: 1, 2: 1362, 3: 16, 4: 5}, 3: {0: 14, 1: 0, 2: 11, 3: 140, 4: 0}, 4: {0: 3, 1: 0, 2: 2, 3: 0, 4: 1637}}
75	mexh	(100)	relu	0.0001	0.98832	0.98776	871.94	./w75/NN.001.model	{0: {0: 18067, 1: 5, 2: 15, 3: 8, 4: 34}, 1: {0: 89, 1: 445, 2: 5, 3: 0, 4: 9}, 2: {0: 32, 1: 0, 2: 1351, 3: 14, 4: 11}, 3: {0: 29, 1: 0, 2: 10, 3: 125, 4: 1}, 4: {0: 5, 1: 0, 2: 1, 3: 0, 4: 1636}}
75	mexh	(100)	relu	0.01	0.98230	0.98223	356.82	./w75/NN.002.model	{0: {0: 18060, 1: 28, 2: 35, 3: 6, 4: 0}, 1: {0: 134, 1: 409, 2: 4, 3: 0, 4: 1}, 2: {0: 57, 1: 4, 2: 1327, 3: 15, 4: 5}, 3: {0: 39, 1: 0, 2: 12, 3: 114, 4: 0}, 4: {0: 44, 1: 0, 2: 4, 3: 1, 4: 1593}}
75	mexh	(100)	tanh	1e-05	0.98917	0.98835	885.61	./w75/NN.003.model	{0: {0: 18091, 1: 17, 2: 11, 3: 6, 4: 4}, 1: {0: 73, 1: 473, 2: 2, 3: 0, 4: 0}, 2: {0: 56, 1: 3, 2: 1333, 3: 11, 4: 5}, 3: {0: 31, 1: 0, 2: 16, 3: 118, 4: 0}, 4: {0: 15, 1: 2, 2: 3, 3: 0, 4: 1622}}
75	mexh	(100)	tanh	0.0001	0.98964	0.98849	635.41	./w75/NN.004.model	{0: {0: 18086, 1: 13, 2: 21, 3: 3, 4: 6}, 1: {0: 76, 1: 468, 2: 3, 3: 0, 4: 1}, 2: {0: 39, 1: 6, 2: 1358, 3: 1, 4: 4}, 3: {0: 34, 1: 1, 2: 22, 3: 108, 4: 0}, 4: {0: 18, 1: 1, 2: 3, 3: 0, 4: 1620}}
75	mexh	(100)	tanh	0.01	0.98102	0.97926	381.92	./w75/NN.005.model	{0: {0: 18029, 1: 58, 2: 20, 3: 14, 4: 8}, 1: {0: 122, 1: 418, 2: 4, 3: 1, 4: 3}, 2: {0: 89, 1: 5, 2: 1302, 3: 6, 4: 6}, 3: {0: 33, 1: 1, 2: 27, 3: 103, 4: 1}, 4: {0: 43, 1: 1, 2: 12, 3: 0, 4: 1586}}
75	mexh	(100, 16)	relu	1e-05	0.99182	0.99123	859.79	./w75/NN.006.model	{0: {0: 18106, 1: 16, 2: 4, 3: 2, 4: 1}, 1: {0: 67, 1: 480, 2: 0, 3: 0, 4: 1}, 2: {0: 29, 1: 4, 2: 1362, 3: 9, 4: 4}, 3: {0: 28, 1: 0, 2: 11, 3: 125, 4: 1}, 4: {0: 13, 1: 0, 2: 0, 3: 2, 4: 1627}}
75	mexh	(100, 16)	relu	0.0001	0.99124	0.99073	899.24	./w75/NN.007.model	{0: {0: 18073, 1: 6, 2: 19, 3: 21, 4: 10}, 1: {0: 72, 1: 466, 2: 6, 3: 2, 4: 2}, 2: {0: 11, 1: 0, 2: 1378, 3: 15, 4: 4}, 3: {0: 16, 1: 0, 2: 8, 3: 141, 4: 0}, 4: {0: 6, 1: 0, 2: 4, 3: 1, 4: 1631}}
75	mexh	(100, 16)	relu	0.01	0.98305	0.98127	352.56	./w75/NN.008.model	{0: {0: 18066, 1: 24, 2: 16, 3: 8, 4: 15}, 1: {0: 154, 1: 388, 2: 2, 3: 0, 4: 4}, 2: {0: 89, 1: 7, 2: 1301, 3: 7, 4: 4}, 3: {0: 47, 1: 2, 2: 12, 3: 104, 4: 0}, 4: {0: 17, 1: 2, 2: 0, 3: 0, 4: 1623}}
75	mexh	(100, 16)	tanh	1e-05	0.98844	0.98867	864.39	./w75/NN.009.model	{0: {0: 18081, 1: 25, 2: 17, 3: 2, 4: 4}, 1: {0: 51, 1: 496, 2: 1, 3: 0, 4: 0}, 2: {0: 46, 1: 3, 2: 1344, 3: 10, 4: 5}, 3: {0: 34, 1: 0, 2: 16, 3: 115, 4: 0}, 4: {0: 31, 1: 0, 2: 3, 3: 0, 4: 1608}}
75	mexh	(100, 16)	tanh	0.0001	0.99010	0.98986	598.17	./w75/NN.010.model	{0: {0: 18076, 1: 31, 2: 15, 3: 4, 4: 3}, 1: {0: 58, 1: 486, 2: 3, 3: 0, 4: 1}, 2: {0: 31, 1: 3, 2: 1363, 3: 8, 4: 3}, 3: {0: 25, 1: 1, 2: 18, 3: 121, 4: 0}, 4: {0: 15, 1: 1, 2: 2, 3: 0, 4: 1624}}
75	mexh	(100, 16)	tanh	0.01	0.98282	0.98191	263.99	./w75/NN.011.model	{0: {0: 18033, 1: 37, 2: 42, 3: 4, 4: 13}, 1: {0: 116, 1: 420, 2: 9, 3: 0, 4: 3}, 2: {0: 57, 1: 5, 2: 1330, 3: 11, 4: 5}, 3: {0: 43, 1: 0, 2: 21, 3: 101, 4: 0}, 4: {0: 22, 1: 1, 2: 7, 3: 0, 4: 1612}}
75	mexh	(50, 32)	relu	1e-05	0.98762	0.98716	654.71	./w75/NN.012.model	{0: {0: 18020, 1: 32, 2: 30, 3: 9, 4: 38}, 1: {0: 78, 1: 458, 2: 6, 3: 1, 4: 5}, 2: {0: 19, 1: 0, 2: 1379, 3: 2, 4: 8}, 3: {0: 23, 1: 0, 2: 25, 3: 117, 4: 0}, 4: {0: 4, 1: 0, 2: 1, 3: 0, 4: 1637}}
75	mexh	(50, 32)	relu	0.0001	0.98881	0.98817	553.42	./w75/NN.013.model	{0: {0: 18076, 1: 29, 2: 2, 3: 8, 4: 14}, 1: {0: 68, 1: 478, 2: 1, 3: 0, 4: 1}, 2: {0: 53, 1: 4, 2: 1326, 3: 16, 4: 9}, 3: {0: 35, 1: 1, 2: 8, 3: 121, 4: 0}, 4: {0: 8, 1: 2, 2: 0, 3: 0, 4: 1632}}
75	mexh	(50, 32)	relu	0.01	0.98350	0.98214	461.98	./w75/NN.014.model	{0: {0: 18052, 1: 27, 2: 42, 3: 4, 4: 4}, 1: {0: 132, 1: 395, 2: 20, 3: 0, 4: 1}, 2: {0: 51, 1: 1, 2: 1340, 3: 14, 4: 2}, 3: {0: 41, 1: 0, 2: 12, 3: 112, 4: 0}, 4: {0: 26, 1: 0, 2: 14, 3: 0, 4: 1602}}
75	mexh	(50, 32)	tanh	1e-05	0.98858	0.98799	416.92	./w75/NN.015.model	{0: {0: 18069, 1: 23, 2: 24, 3: 4, 4: 9}, 1: {0: 80, 1: 463, 2: 4, 3: 0, 4: 1}, 2: {0: 35, 1: 1, 2: 1364, 3: 2, 4: 6}, 3: {0: 33, 1: 0, 2: 26, 3: 106, 4: 0}, 4: {0: 14, 1: 0, 2: 1, 3: 0, 4: 1627}}
75	mexh	(50, 32)	tanh	0.0001	0.98635	0.98557	253.23	./w75/NN.016.model	{0: {0: 18073, 1: 25, 2: 22, 3: 4, 4: 5}, 1: {0: 92, 1: 446, 2: 8, 3: 1, 4: 1}, 2: {0: 56, 1: 5, 2: 1331, 3: 14, 4: 2}, 3: {0: 36, 1: 0, 2: 17, 3: 112, 4: 0}, 4: {0: 22, 1: 1, 2: 5, 3: 0, 4: 1614}}
75	mexh	(50, 32)	tanh	0.01	0.98410	0.98305	411.92	./w75/NN.017.model	{0: {0: 18058, 1: 22, 2: 34, 3: 10, 4: 5}, 1: {0: 119, 1: 419, 2: 7, 3: 0, 4: 3}, 2: {0: 57, 1: 4, 2: 1324, 3: 18, 4: 5}, 3: {0: 38, 1: 0, 2: 15, 3: 112, 4: 0}, 4: {0: 26, 1: 1, 2: 7, 3: 0, 4: 1608}}
75	mexh	(50, 32, 4)	relu	1e-05	0.98947	0.98863	648.26	./w75/NN.018.model	{0: {0: 18052, 1: 31, 2: 30, 3: 7, 4: 9}, 1: {0: 67, 1: 459, 2: 5, 3: 17, 4: 0}, 2: {0: 18, 1: 2, 2: 1372, 3: 14, 4: 2}, 3: {0: 24, 1: 0, 2: 12, 3: 129, 4: 0}, 4: {0: 8, 1: 0, 2: 3, 3: 0, 4: 1631}}
75	mexh	(50, 32, 4)	relu	0.0001	0.98631	0.98451	405.45	./w75/NN.019.model	{0: {0: 18083, 1: 20, 2: 9, 3: 13, 4: 4}, 1: {0: 130, 1: 413, 2: 2, 3: 1, 4: 2}, 2: {0: 55, 1: 0, 2: 1330, 3: 22, 4: 1}, 3: {0: 39, 1: 0, 2: 10, 3: 115, 4: 1}, 4: {0: 17, 1: 4, 2: 2, 3: 7, 4: 1612}}
75	mexh	(50, 32, 4)	relu	0.01	0.98409	0.98260	337.16	./w75/NN.020.model	{0: {0: 18061, 1: 19, 2: 37, 3: 9, 4: 3}, 1: {0: 141, 1: 397, 2: 5, 3: 0, 4: 5}, 2: {0: 56, 1: 6, 2: 1329, 3: 5, 4: 12}, 3: {0: 41, 1: 0, 2: 19, 3: 105, 4: 0}, 4: {0: 16, 1: 3, 2: 3, 3: 1, 4: 1619}}
75	mexh	(50, 32, 4)	tanh	1e-05	0.98594	0.98483	372.09	./w75/NN.021.model	{0: {0: 18051, 1: 46, 2: 18, 3: 13, 4: 1}, 1: {0: 89, 1: 455, 2: 2, 3: 1, 4: 1}, 2: {0: 51, 1: 7, 2: 1338, 3: 10, 4: 2}, 3: {0: 34, 1: 0, 2: 13, 3: 118, 4: 0}, 4: {0: 35, 1: 3, 2: 6, 3: 0, 4: 1598}}
75	mexh	(50, 32, 4)	tanh	0.0001	0.98681	0.98589	371.73	./w75/NN.022.model	{0: {0: 18045, 1: 36, 2: 16, 3: 16, 4: 16}, 1: {0: 74, 1: 465, 2: 7, 3: 0, 4: 2}, 2: {0: 44, 1: 6, 2: 1344, 3: 11, 4: 3}, 3: {0: 36, 1: 1, 2: 13, 3: 115, 4: 0}, 4: {0: 20, 1: 1, 2: 7, 3: 0, 4: 1614}}
75	mexh	(50, 32, 4)	tanh	0.01	0.98305	0.98177	367.90	./w75/NN.023.model	{0: {0: 18042, 1: 60, 2: 6, 3: 18, 4: 3}, 1: {0: 96, 1: 448, 2: 3, 3: 0, 4: 1}, 2: {0: 89, 1: 4, 2: 1277, 3: 25, 4: 13}, 3: {0: 26, 1: 3, 2: 10, 3: 126, 4: 0}, 4: {0: 38, 1: 1, 2: 3, 3: 0, 4: 1600}}
75	morl	(100)	relu	1e-05	0.99669	0.99648	791.37	./w75/NN.024.model	{0: {0: 18112, 1: 4, 2: 2, 3: 8, 4: 3}, 1: {0: 22, 1: 526, 2: 0, 3: 0, 4: 0}, 2: {0: 18, 1: 0, 2: 1380, 3: 10, 4: 0}, 3: {0: 6, 1: 0, 2: 4, 3: 155, 4: 0}, 4: {0: 0, 1: 0, 2: 0, 3: 0, 4: 1642}}
75	morl	(100)	relu	0.0001	0.99555	0.99498	456.63	./w75/NN.025.model	{0: {0: 18085, 1: 17, 2: 12, 3: 10, 4: 5}, 1: {0: 17, 1: 530, 2: 1, 3: 0, 4: 0}, 2: {0: 8, 1: 1, 2: 1388, 3: 10, 4: 1}, 3: {0: 20, 1: 0, 2: 7, 3: 138, 4: 0}, 4: {0: 1, 1: 0, 2: 0, 3: 0, 4: 1641}}
75	morl	(100)	relu	0.01	0.98703	0.98515	558.74	./w75/NN.026.model	{0: {0: 18015, 1: 18, 2: 49, 3: 23, 4: 24}, 1: {0: 86, 1: 457, 2: 4, 3: 0, 4: 1}, 2: {0: 35, 1: 3, 2: 1342, 3: 24, 4: 4}, 3: {0: 31, 1: 0, 2: 8, 3: 126, 4: 0}, 4: {0: 12, 1: 0, 2: 3, 3: 0, 4: 1627}}
75	morl	(100)	tanh	1e-05	0.99784	0.99767	531.80	./w75/NN.027.model	{0: {0: 18120, 1: 2, 2: 0, 3: 7, 4: 0}, 1: {0: 11, 1: 536, 2: 0, 3: 0, 4: 1}, 2: {0: 1, 1: 0, 2: 1399, 3: 8, 4: 0}, 3: {0: 12, 1: 0, 2: 5, 3: 148, 4: 0}, 4: {0: 4, 1: 0, 2: 0, 3: 0, 4: 1638}}
75	morl	(100)	tanh	0.0001	0.99826	0.99822	623.01	./w75/NN.028.model	{0: {0: 18122, 1: 0, 2: 4, 3: 3, 4: 0}, 1: {0: 9, 1: 536, 2: 2, 3: 1, 4: 0}, 2: {0: 0, 1: 0, 2: 1404, 3: 4, 4: 0}, 3: {0: 9, 1: 0, 2: 6, 3: 150, 4: 0}, 4: {0: 1, 1: 0, 2: 0, 3: 0, 4: 1641}}
75	morl	(100)	tanh	0.01	0.99158	0.99082	619.95	./w75/NN.029.model	{0: {0: 18100, 1: 24, 2: 2, 3: 1, 4: 2}, 1: {0: 60, 1: 486, 2: 0, 3: 0, 4: 2}, 2: {0: 24, 1: 5, 2: 1368, 3: 11, 4: 0}, 3: {0: 44, 1: 0, 2: 10, 3: 111, 4: 0}, 4: {0: 12, 1: 4, 2: 0, 3: 0, 4: 1626}}
75	morl	(100, 16)	relu	1e-05	0.99619	0.99653	663.77	./w75/NN.030.model	{0: {0: 18113, 1: 10, 2: 3, 3: 0, 4: 3}, 1: {0: 8, 1: 540, 2: 0, 3: 0, 4: 0}, 2: {0: 11, 1: 2, 2: 1389, 3: 0, 4: 6}, 3: {0: 21, 1: 0, 2: 12, 3: 132, 4: 0}, 4: {0: 0, 1: 0, 2: 0, 3: 0, 4: 1642}}
75	morl	(100, 16)	relu	0.0001	0.99710	0.99753	586.12	./w75/NN.031.model	{0: {0: 18112, 1: 11, 2: 1, 3: 5, 4: 0}, 1: {0: 5, 1: 542, 2: 1, 3: 0, 4: 0}, 2: {0: 3, 1: 0, 2: 1392, 3: 12, 4: 1}, 3: {0: 7, 1: 0, 2: 3, 3: 155, 4: 0}, 4: {0: 3, 1: 1, 2: 1, 3: 0, 4: 1637}}
75	morl	(100, 16)	relu	0.01	0.98977	0.98895	423.77	./w75/NN.032.model	{0: {0: 18090, 1: 29, 2: 9, 3: 0, 4: 1}, 1: {0: 66, 1: 479, 2: 2, 3: 0, 4: 1}, 2: {0: 24, 1: 5, 2: 1356, 3: 18, 4: 5}, 3: {0: 46, 1: 1, 2: 8, 3: 110, 4: 0}, 4: {0: 26, 1: 0, 2: 1, 3: 0, 4: 1615}}
75	morl	(100, 16)	tanh	1e-05	0.99791	0.99790	468.24	./w75/NN.033.model	{0: {0: 18113, 1: 8, 2: 3, 3: 4, 4: 1}, 1: {0: 5, 1: 543, 2: 0, 3: 0, 4: 0}, 2: {0: 2, 1: 0, 2: 1403, 3: 3, 4: 0}, 3: {0: 12, 1: 0, 2: 7, 3: 146, 4: 0}, 4: {0: 1, 1: 0, 2: 0, 3: 0, 4: 1641}}
75	morl	(100, 16)	tanh	0.0001	0.99698	0.99607	409.10	./w75/NN.034.model	{0: {0: 18103, 1: 16, 2: 1, 3: 6, 4: 3}, 1: {0: 11, 1: 537, 2: 0, 3: 0, 4: 0}, 2: {0: 4, 1: 0, 2: 1386, 3: 17, 4: 1}, 3: {0: 23, 1: 0, 2: 2, 3: 140, 4: 0}, 4: {0: 1, 1: 0, 2: 1, 3: 0, 4: 1640}}
75	morl	(100, 16)	tanh	0.01	0.99215	0.99128	440.54	./w75/NN.035.model	{0: {0: 18082, 1: 13, 2: 9, 3: 2, 4: 23}, 1: {0: 60, 1: 482, 2: 3, 3: 0, 4: 3}, 2: {0: 8, 1: 1, 2: 1387, 3: 10, 4: 2}, 3: {0: 33, 1: 0, 2: 19, 3: 113, 4: 0}, 4: {0: 5, 1: 0, 2: 0, 3: 0, 4: 1637}}
75	morl	(50, 32)	relu	1e-05	0.99623	0.99630	414.39	./w75/NN.036.model	{0: {0: 18107, 1: 6, 2: 7, 3: 6, 4: 3}, 1: {0: 26, 1: 522, 2: 0, 3: 0, 4: 0}, 2: {0: 3, 1: 1, 2: 1400, 3: 4, 4: 0}, 3: {0: 14, 1: 0, 2: 8, 3: 143, 4: 0}, 4: {0: 3, 1: 0, 2: 0, 3: 0, 4: 1639}}
75	morl	(50, 32)	relu	0.0001	0.99633	0.99625	387.42	./w75/NN.037.model	{0: {0: 18105, 1: 17, 2: 2, 3: 5, 4: 0}, 1: {0: 14, 1: 532, 2: 1, 3: 0, 4: 1}, 2: {0: 7, 1: 0, 2: 1387, 3: 14, 4: 0}, 3: {0: 11, 1: 0, 2: 3, 3: 150, 4: 1}, 4: {0: 6, 1: 0, 2: 0, 3: 0, 4: 1636}}
75	morl	(50, 32)	relu	0.01	0.99149	0.99068	351.11	./w75/NN.038.model	{0: {0: 18074, 1: 42, 2: 7, 3: 4, 4: 2}, 1: {0: 46, 1: 498, 2: 4, 3: 0, 4: 0}, 2: {0: 22, 1: 0, 2: 1374, 3: 11, 4: 1}, 3: {0: 30, 1: 0, 2: 13, 3: 121, 4: 1}, 4: {0: 20, 1: 0, 2: 1, 3: 0, 4: 1621}}
75	morl	(50, 32)	tanh	1e-05	0.99689	0.99699	363.41	./w75/NN.039.model	{0: {0: 18109, 1: 11, 2: 5, 3: 4, 4: 0}, 1: {0: 6, 1: 542, 2: 0, 3: 0, 4: 0}, 2: {0: 1, 1: 0, 2: 1405, 3: 2, 4: 0}, 3: {0: 18, 1: 0, 2: 9, 3: 138, 4: 0}, 4: {0: 8, 1: 1, 2: 1, 3: 0, 4: 1632}}
75	morl	(50, 32)	tanh	0.0001	0.99673	0.99644	350.80	./w75/NN.040.model	{0: {0: 18096, 1: 14, 2: 6, 3: 11, 4: 2}, 1: {0: 9, 1: 538, 2: 1, 3: 0, 4: 0}, 2: {0: 5, 1: 0, 2: 1396, 3: 7, 4: 0}, 3: {0: 9, 1: 0, 2: 9, 3: 147, 4: 0}, 4: {0: 4, 1: 1, 2: 0, 3: 0, 4: 1637}}
75	morl	(50, 32)	tanh	0.01	0.99235	0.99132	351.28	./w75/NN.041.model	{0: {0: 18099, 1: 13, 2: 5, 3: 5, 4: 7}, 1: {0: 60, 1: 484, 2: 1, 3: 0, 4: 3}, 2: {0: 28, 1: 0, 2: 1364, 3: 13, 4: 3}, 3: {0: 35, 1: 0, 2: 5, 3: 125, 4: 0}, 4: {0: 12, 1: 0, 2: 0, 3: 0, 4: 1630}}
75	morl	(50, 32, 4)	relu	1e-05	0.99407	0.99383	397.11	./w75/NN.042.model	{0: {0: 18049, 1: 47, 2: 17, 3: 12, 4: 4}, 1: {0: 11, 1: 536, 2: 0, 3: 0, 4: 1}, 2: {0: 3, 1: 2, 2: 1399, 3: 4, 4: 0}, 3: {0: 10, 1: 0, 2: 19, 3: 135, 4: 1}, 4: {0: 2, 1: 1, 2: 1, 3: 0, 4: 1638}}
75	morl	(50, 32, 4)	relu	0.0001	0.99574	0.99516	459.83	./w75/NN.043.model	{0: {0: 18111, 1: 12, 2: 1, 3: 4, 4: 1}, 1: {0: 27, 1: 521, 2: 0, 3: 0, 4: 0}, 2: {0: 9, 1: 2, 2: 1383, 3: 13, 4: 1}, 3: {0: 13, 1: 0, 2: 8, 3: 144, 4: 0}, 4: {0: 15, 1: 0, 2: 0, 3: 0, 4: 1627}}
75	morl	(50, 32, 4)	relu	0.01	0.99205	0.99169	562.92	./w75/NN.044.model	{0: {0: 18087, 1: 24, 2: 9, 3: 7, 4: 2}, 1: {0: 43, 1: 500, 2: 4, 3: 0, 4: 1}, 2: {0: 27, 1: 4, 2: 1369, 3: 6, 4: 2}, 3: {0: 20, 1: 0, 2: 10, 3: 134, 4: 1}, 4: {0: 19, 1: 1, 2: 2, 3: 0, 4: 1620}}
75	morl	(50, 32, 4)	tanh	1e-05	0.99676	0.99653	414.39	./w75/NN.045.model	{0: {0: 18111, 1: 9, 2: 2, 3: 6, 4: 1}, 1: {0: 11, 1: 533, 2: 4, 3: 0, 4: 0}, 2: {0: 6, 1: 0, 2: 1395, 3: 7, 4: 0}, 3: {0: 8, 1: 3, 2: 14, 3: 139, 4: 1}, 4: {0: 2, 1: 1, 2: 1, 3: 0, 4: 1638}}
75	morl	(50, 32, 4)	tanh	0.0001	0.99545	0.99493	467.63	./w75/NN.046.model	{0: {0: 18101, 1: 23, 2: 5, 3: 0, 4: 0}, 1: {0: 5, 1: 541, 2: 2, 3: 0, 4: 0}, 2: {0: 4, 1: 2, 2: 1386, 3: 10, 4: 6}, 3: {0: 26, 1: 0, 2: 18, 3: 119, 4: 2}, 4: {0: 4, 1: 0, 2: 4, 3: 0, 4: 1634}}
75	morl	(50, 32, 4)	tanh	0.01	0.99005	0.99009	365.63	./w75/NN.047.model	{0: {0: 18068, 1: 18, 2: 37, 3: 5, 4: 1}, 1: {0: 46, 1: 495, 2: 6, 3: 0, 4: 1}, 2: {0: 16, 1: 1, 2: 1372, 3: 18, 4: 1}, 3: {0: 30, 1: 0, 2: 9, 3: 126, 4: 0}, 4: {0: 18, 1: 1, 2: 8, 3: 1, 4: 1614}}
75	morl	(2000)	tanh	1e-05	0.99766	0.99735	8040.85	./big_nn/w75.morl.2000.tanh/NN.000.model	{0: {0: 18118, 1: 5, 2: 5, 3: 0, 4: 1}, 1: {0: 4, 1: 544, 2: 0, 3: 0, 4: 0}, 2: {0: 3, 1: 2, 2: 1395, 3: 8, 4: 0}, 3: {0: 17, 1: 1, 2: 5, 3: 142, 4: 0}, 4: {0: 6, 1: 0, 2: 1, 3: 0, 4: 1635}}
75	morl	(800)	tanh	1e-05	0.99728	0.99721	3959.86	./big_nn/w75.morl/NN.000.model	{0: {0: 18121, 1: 1, 2: 0, 3: 7, 4: 0}, 1: {0: 6, 1: 542, 2: 0, 3: 0, 4: 0}, 2: {0: 6, 1: 0, 2: 1368, 3: 34, 4: 0}, 3: {0: 5, 1: 0, 2: 0, 3: 160, 4: 0}, 4: {0: 2, 1: 0, 2: 0, 3: 0, 4: 1640}}
75	morl	(400)	tanh	1e-05	0.99810	0.99781	2312.69	./big_nn/w75.morl/NN.001.model	{0: {0: 18111, 1: 14, 2: 0, 3: 4, 4: 0}, 1: {0: 5, 1: 543, 2: 0, 3: 0, 4: 0}, 2: {0: 1, 1: 1, 2: 1394, 3: 12, 4: 0}, 3: {0: 7, 1: 0, 2: 3, 3: 155, 4: 0}, 4: {0: 1, 1: 0, 2: 0, 3: 0, 4: 1641}}
75	morl	(800, 50)	tanh	1e-05	0.99512	0.99511	3460.41	./big_nn/w75.morl/NN.002.model	{0: {0: 18118, 1: 9, 2: 1, 3: 0, 4: 1}, 1: {0: 13, 1: 534, 2: 1, 3: 0, 4: 0}, 2: {0: 17, 1: 1, 2: 1382, 3: 4, 4: 4}, 3: {0: 30, 1: 1, 2: 4, 3: 130, 4: 0}, 4: {0: 21, 1: 0, 2: 0, 3: 0, 4: 1621}}
75	morl	(400, 50)	tanh	1e-05	0.99631	0.99593	2080.93	./big_nn/w75.morl/NN.003.model	{0: {0: 18112, 1: 2, 2: 1, 3: 13, 4: 1}, 1: {0: 20, 1: 527, 2: 0, 3: 1, 4: 0}, 2: {0: 6, 1: 0, 2: 1388, 3: 14, 4: 0}, 3: {0: 12, 1: 0, 2: 1, 3: 152, 4: 0}, 4: {0: 15, 1: 2, 2: 1, 3: 0, 4: 1624}}
10	gaus5	(100)	relu	1e-05	0.99340	0.99370	311.37	./w10/NN.048.model	{0: {0: 18041, 1: 25, 2: 19, 3: 6, 4: 2}, 1: {0: 34, 1: 499, 2: 6, 3: 0, 4: 1}, 2: {0: 3, 1: 0, 2: 1465, 3: 2, 4: 0}, 3: {0: 23, 1: 0, 2: 10, 3: 148, 4: 0}, 4: {0: 5, 1: 0, 2: 2, 3: 0, 4: 1601}}
10	gaus5	(100)	relu	0.0001	0.99325	0.99324	357.24	./w10/NN.049.model	{0: {0: 18075, 1: 9, 2: 8, 3: 1, 4: 0}, 1: {0: 55, 1: 478, 2: 5, 3: 0, 4: 2}, 2: {0: 13, 1: 0, 2: 1447, 3: 10, 4: 0}, 3: {0: 29, 1: 0, 2: 4, 3: 148, 4: 0}, 4: {0: 8, 1: 0, 2: 3, 3: 1, 4: 1596}}
10	gaus5	(100)	relu	0.01	0.98781	0.98730	239.66	./w10/NN.050.model	{0: {0: 18026, 1: 24, 2: 31, 3: 1, 4: 11}, 1: {0: 89, 1: 442, 2: 7, 3: 0, 4: 2}, 2: {0: 21, 1: 2, 2: 1443, 3: 0, 4: 4}, 3: {0: 50, 1: 0, 2: 21, 3: 110, 4: 0}, 4: {0: 15, 1: 0, 2: 0, 3: 0, 4: 1593}}
10	gaus5	(100)	tanh	1e-05	0.99685	0.99648	365.95	./w10/NN.051.model	{0: {0: 18073, 1: 11, 2: 5, 3: 4, 4: 0}, 1: {0: 18, 1: 522, 2: 0, 3: 0, 4: 0}, 2: {0: 2, 1: 0, 2: 1466, 3: 2, 4: 0}, 3: {0: 21, 1: 0, 2: 11, 3: 149, 4: 0}, 4: {0: 3, 1: 0, 2: 0, 3: 0, 4: 1605}}
10	gaus5	(100)	tanh	0.0001	0.99643	0.99625	335.45	./w10/NN.052.model	{0: {0: 18074, 1: 11, 2: 4, 3: 4, 4: 0}, 1: {0: 23, 1: 516, 2: 0, 3: 0, 4: 1}, 2: {0: 2, 1: 0, 2: 1466, 3: 2, 4: 0}, 3: {0: 20, 1: 0, 2: 12, 3: 149, 4: 0}, 4: {0: 2, 1: 0, 2: 1, 3: 0, 4: 1605}}
10	gaus5	(100)	tanh	0.01	0.98798	0.98758	338.60	./w10/NN.053.model	{0: {0: 18066, 1: 13, 2: 7, 3: 6, 4: 1}, 1: {0: 112, 1: 424, 2: 1, 3: 0, 4: 3}, 2: {0: 46, 1: 6, 2: 1405, 3: 10, 4: 3}, 3: {0: 39, 1: 0, 2: 5, 3: 137, 4: 0}, 4: {0: 19, 1: 0, 2: 0, 3: 1, 4: 1588}}
10	gaus5	(100, 16)	relu	1e-05	0.99576	0.99653	367.11	./w10/NN.054.model	{0: {0: 18075, 1: 7, 2: 4, 3: 3, 4: 4}, 1: {0: 23, 1: 517, 2: 0, 3: 0, 4: 0}, 2: {0: 9, 1: 1, 2: 1447, 3: 12, 4: 1}, 3: {0: 11, 1: 0, 2: 1, 3: 169, 4: 0}, 4: {0: 0, 1: 0, 2: 0, 3: 0, 4: 1608}}
10	gaus5	(100, 16)	relu	0.0001	0.99505	0.99507	366.00	./w10/NN.055.model	{0: {0: 18053, 1: 18, 2: 8, 3: 8, 4: 6}, 1: {0: 24, 1: 515, 2: 1, 3: 0, 4: 0}, 2: {0: 13, 1: 1, 2: 1446, 3: 8, 4: 2}, 3: {0: 12, 1: 0, 2: 3, 3: 166, 4: 0}, 4: {0: 1, 1: 0, 2: 3, 3: 0, 4: 1604}}
10	gaus5	(100, 16)	relu	0.01	0.98897	0.98780	244.82	./w10/NN.056.model	{0: {0: 18087, 1: 1, 2: 2, 3: 1, 4: 2}, 1: {0: 130, 1: 406, 2: 3, 3: 0, 4: 1}, 2: {0: 41, 1: 2, 2: 1422, 3: 4, 4: 1}, 3: {0: 45, 1: 0, 2: 15, 3: 121, 4: 0}, 4: {0: 13, 1: 1, 2: 4, 3: 1, 4: 1589}}
10	gaus5	(100, 16)	tanh	1e-05	0.99813	0.99822	463.75	./w10/NN.057.model	{0: {0: 18078, 1: 10, 2: 0, 3: 5, 4: 0}, 1: {0: 4, 1: 536, 2: 0, 3: 0, 4: 0}, 2: {0: 2, 1: 0, 2: 1461, 3: 7, 4: 0}, 3: {0: 7, 1: 0, 2: 4, 3: 170, 4: 0}, 4: {0: 0, 1: 0, 2: 0, 3: 0, 4: 1608}}
10	gaus5	(100, 16)	tanh	0.0001	0.99666	0.99662	398.81	./w10/NN.058.model	{0: {0: 18073, 1: 10, 2: 0, 3: 1, 4: 9}, 1: {0: 21, 1: 518, 2: 1, 3: 0, 4: 0}, 2: {0: 4, 1: 0, 2: 1465, 3: 1, 4: 0}, 3: {0: 13, 1: 1, 2: 12, 3: 155, 4: 0}, 4: {0: 0, 1: 0, 2: 1, 3: 0, 4: 1607}}
10	gaus5	(100, 16)	tanh	0.01	0.99066	0.99032	275.34	./w10/NN.059.model	{0: {0: 18031, 1: 36, 2: 16, 3: 3, 4: 7}, 1: {0: 66, 1: 468, 2: 6, 3: 0, 4: 0}, 2: {0: 18, 1: 1, 2: 1450, 3: 1, 4: 0}, 3: {0: 32, 1: 0, 2: 19, 3: 130, 4: 0}, 4: {0: 3, 1: 1, 2: 3, 3: 0, 4: 1601}}
10	gaus5	(50, 32)	relu	1e-05	0.99324	0.99306	287.30	./w10/NN.060.model	{0: {0: 18068, 1: 14, 2: 4, 3: 3, 4: 4}, 1: {0: 48, 1: 491, 2: 0, 3: 0, 4: 1}, 2: {0: 33, 1: 2, 2: 1425, 3: 4, 4: 6}, 3: {0: 19, 1: 0, 2: 10, 3: 152, 4: 0}, 4: {0: 3, 1: 0, 2: 1, 3: 0, 4: 1604}}
10	gaus5	(50, 32)	relu	0.0001	0.99247	0.99191	278.49	./w10/NN.061.model	{0: {0: 18073, 1: 5, 2: 7, 3: 4, 4: 4}, 1: {0: 81, 1: 454, 2: 3, 3: 0, 4: 2}, 2: {0: 19, 1: 0, 2: 1447, 3: 3, 4: 1}, 3: {0: 30, 1: 0, 2: 10, 3: 141, 4: 0}, 4: {0: 6, 1: 0, 2: 2, 3: 0, 4: 1600}}
10	gaus5	(50, 32)	relu	0.01	0.99109	0.99054	224.35	./w10/NN.062.model	{0: {0: 18056, 1: 12, 2: 15, 3: 5, 4: 5}, 1: {0: 76, 1: 453, 2: 8, 3: 0, 4: 3}, 2: {0: 19, 1: 0, 2: 1447, 3: 2, 4: 2}, 3: {0: 29, 1: 1, 2: 15, 3: 136, 4: 0}, 4: {0: 10, 1: 0, 2: 5, 3: 0, 4: 1593}}
10	gaus5	(50, 32)	tanh	1e-05	0.99679	0.99717	294.58	./w10/NN.063.model	{0: {0: 18069, 1: 18, 2: 2, 3: 3, 4: 1}, 1: {0: 14, 1: 525, 2: 1, 3: 0, 4: 0}, 2: {0: 2, 1: 0, 2: 1467, 3: 1, 4: 0}, 3: {0: 9, 1: 0, 2: 10, 3: 162, 4: 0}, 4: {0: 1, 1: 0, 2: 0, 3: 0, 4: 1607}}
10	gaus5	(50, 32)	tanh	0.0001	0.99658	0.99575	297.27	./w10/NN.064.model	{0: {0: 18056, 1: 24, 2: 4, 3: 5, 4: 4}, 1: {0: 27, 1: 513, 2: 0, 3: 0, 4: 0}, 2: {0: 3, 1: 0, 2: 1459, 3: 8, 4: 0}, 3: {0: 13, 1: 1, 2: 3, 3: 164, 4: 0}, 4: {0: 0, 1: 0, 2: 1, 3: 0, 4: 1607}}
10	gaus5	(50, 32)	tanh	0.01	0.99027	0.98963	298.30	./w10/NN.065.model	{0: {0: 18070, 1: 4, 2: 12, 3: 4, 4: 3}, 1: {0: 115, 1: 417, 2: 6, 3: 0, 4: 2}, 2: {0: 20, 1: 0, 2: 1442, 3: 6, 4: 2}, 3: {0: 31, 1: 0, 2: 9, 3: 141, 4: 0}, 4: {0: 12, 1: 0, 2: 1, 3: 0, 4: 1595}}
10	gaus5	(50, 32, 4)	relu	1e-05	0.99387	0.99297	276.83	./w10/NN.066.model	{0: {0: 18060, 1: 21, 2: 5, 3: 5, 4: 2}, 1: {0: 35, 1: 504, 2: 0, 3: 1, 4: 0}, 2: {0: 16, 1: 2, 2: 1445, 3: 5, 4: 2}, 3: {0: 34, 1: 2, 2: 11, 3: 134, 4: 0}, 4: {0: 8, 1: 0, 2: 5, 3: 0, 4: 1595}}
10	gaus5	(50, 32, 4)	relu	0.0001	0.99386	0.99338	285.73	./w10/NN.067.model	{0: {0: 18059, 1: 16, 2: 12, 3: 5, 4: 1}, 1: {0: 47, 1: 491, 2: 2, 3: 0, 4: 0}, 2: {0: 8, 1: 0, 2: 1455, 3: 6, 4: 1}, 3: {0: 29, 1: 0, 2: 7, 3: 145, 4: 0}, 4: {0: 7, 1: 3, 2: 1, 3: 0, 4: 1597}}
10	gaus5	(50, 32, 4)	relu	0.01	0.99086	0.99004	258.57	./w10/NN.068.model	{0: {0: 18046, 1: 32, 2: 12, 3: 1, 4: 2}, 1: {0: 77, 1: 459, 2: 4, 3: 0, 4: 0}, 2: {0: 18, 1: 4, 2: 1443, 3: 3, 4: 2}, 3: {0: 37, 1: 1, 2: 10, 3: 133, 4: 0}, 4: {0: 15, 1: 0, 2: 0, 3: 0, 4: 1593}}
10	gaus5	(50, 32, 4)	tanh	1e-05	0.99540	0.99557	258.03	./w10/NN.069.model	{0: {0: 18070, 1: 10, 2: 7, 3: 4, 4: 2}, 1: {0: 21, 1: 516, 2: 0, 3: 3, 4: 0}, 2: {0: 6, 1: 0, 2: 1447, 3: 16, 4: 1}, 3: {0: 20, 1: 1, 2: 2, 3: 158, 4: 0}, 4: {0: 4, 1: 0, 2: 0, 3: 0, 4: 1604}}
10	gaus5	(50, 32, 4)	tanh	0.0001	0.99589	0.99575	215.50	./w10/NN.070.model	{0: {0: 18072, 1: 13, 2: 2, 3: 3, 4: 3}, 1: {0: 24, 1: 515, 2: 1, 3: 0, 4: 0}, 2: {0: 7, 1: 2, 2: 1452, 3: 7, 4: 2}, 3: {0: 21, 1: 0, 2: 6, 3: 153, 4: 1}, 4: {0: 1, 1: 0, 2: 0, 3: 0, 4: 1607}}
10	gaus5	(50, 32, 4)	tanh	0.01	0.98885	0.98899	129.29	./w10/NN.071.model	{0: {0: 18070, 1: 4, 2: 6, 3: 10, 4: 3}, 1: {0: 107, 1: 428, 2: 5, 3: 0, 4: 0}, 2: {0: 35, 1: 0, 2: 1412, 3: 20, 4: 3}, 3: {0: 28, 1: 0, 2: 10, 3: 143, 4: 0}, 4: {0: 10, 1: 0, 2: 0, 3: 0, 4: 1598}}
10	mexh	(100)	relu	1e-05	0.99022	0.99022	337.07	./w10/NN.000.model	{0: {0: 18010, 1: 45, 2: 24, 3: 11, 4: 3}, 1: {0: 60, 1: 475, 2: 4, 3: 1, 4: 0}, 2: {0: 20, 1: 0, 2: 1444, 3: 5, 4: 1}, 3: {0: 24, 1: 1, 2: 4, 3: 152, 4: 0}, 4: {0: 7, 1: 0, 2: 4, 3: 0, 4: 1597}}
10	mexh	(100)	relu	0.0001	0.98929	0.98831	356.39	./w10/NN.001.model	{0: {0: 18020, 1: 34, 2: 20, 3: 9, 4: 10}, 1: {0: 71, 1: 465, 2: 3, 3: 0, 4: 1}, 2: {0: 39, 1: 2, 2: 1412, 3: 11, 4: 6}, 3: {0: 32, 1: 0, 2: 4, 3: 145, 4: 0}, 4: {0: 10, 1: 0, 2: 4, 3: 0, 4: 1594}}
10	mexh	(100)	relu	0.01	0.98270	0.98237	289.89	./w10/NN.002.model	{0: {0: 18070, 1: 11, 2: 8, 3: 1, 4: 3}, 1: {0: 151, 1: 384, 2: 3, 3: 0, 4: 2}, 2: {0: 85, 1: 8, 2: 1360, 3: 9, 4: 8}, 3: {0: 55, 1: 1, 2: 6, 3: 119, 4: 0}, 4: {0: 32, 1: 1, 2: 2, 3: 0, 4: 1573}}
10	mexh	(100)	tanh	1e-05	0.99295	0.99237	410.95	./w10/NN.003.model	{0: {0: 18071, 1: 13, 2: 6, 3: 1, 4: 2}, 1: {0: 69, 1: 470, 2: 1, 3: 0, 4: 0}, 2: {0: 11, 1: 2, 2: 1450, 3: 5, 4: 2}, 3: {0: 32, 1: 2, 2: 7, 3: 140, 4: 0}, 4: {0: 14, 1: 0, 2: 0, 3: 0, 4: 1594}}
10	mexh	(100)	tanh	0.0001	0.99242	0.99205	410.43	./w10/NN.004.model	{0: {0: 18067, 1: 10, 2: 15, 3: 1, 4: 0}, 1: {0: 72, 1: 466, 2: 2, 3: 0, 4: 0}, 2: {0: 11, 1: 2, 2: 1452, 3: 3, 4: 2}, 3: {0: 28, 1: 1, 2: 10, 3: 142, 4: 0}, 4: {0: 16, 1: 0, 2: 1, 3: 0, 4: 1591}}
10	mexh	(100)	tanh	0.01	0.98544	0.98547	186.61	./w10/NN.005.model	{0: {0: 18026, 1: 12, 2: 40, 3: 10, 4: 5}, 1: {0: 124, 1: 403, 2: 9, 3: 0, 4: 4}, 2: {0: 35, 1: 2, 2: 1432, 3: 1, 4: 0}, 3: {0: 42, 1: 1, 2: 15, 3: 123, 4: 0}, 4: {0: 16, 1: 1, 2: 1, 3: 0, 4: 1590}}
10	mexh	(100, 16)	relu	1e-05	0.99261	0.99338	359.62	./w10/NN.006.model	{0: {0: 18032, 1: 13, 2: 20, 3: 16, 4: 12}, 1: {0: 30, 1: 505, 2: 5, 3: 0, 4: 0}, 2: {0: 17, 1: 1, 2: 1443, 3: 6, 4: 3}, 3: {0: 14, 1: 0, 2: 6, 3: 161, 4: 0}, 4: {0: 0, 1: 0, 2: 2, 3: 0, 4: 1606}}
10	mexh	(100, 16)	relu	0.0001	0.99308	0.99301	390.41	./w10/NN.007.model	{0: {0: 18036, 1: 27, 2: 1, 3: 7, 4: 22}, 1: {0: 34, 1: 505, 2: 0, 3: 0, 4: 1}, 2: {0: 22, 1: 6, 2: 1438, 3: 3, 4: 1}, 3: {0: 16, 1: 1, 2: 7, 3: 155, 4: 2}, 4: {0: 3, 1: 0, 2: 0, 3: 0, 4: 1605}}
10	mexh	(100, 16)	relu	0.01	0.98750	0.98716	288.00	./w10/NN.008.model	{0: {0: 18058, 1: 11, 2: 16, 3: 3, 4: 5}, 1: {0: 109, 1: 423, 2: 7, 3: 0, 4: 1}, 2: {0: 39, 1: 2, 2: 1416, 3: 12, 4: 1}, 3: {0: 47, 1: 0, 2: 8, 3: 125, 4: 1}, 4: {0: 17, 1: 1, 2: 1, 3: 0, 4: 1589}}
10	mexh	(100, 16)	tanh	1e-05	0.99533	0.99525	430.46	./w10/NN.009.model	{0: {0: 18064, 1: 11, 2: 9, 3: 8, 4: 1}, 1: {0: 36, 1: 503, 2: 1, 3: 0, 4: 0}, 2: {0: 9, 1: 0, 2: 1454, 3: 6, 4: 1}, 3: {0: 14, 1: 1, 2: 5, 3: 161, 4: 0}, 4: {0: 2, 1: 0, 2: 0, 3: 0, 4: 1606}}
10	mexh	(100, 16)	tanh	0.0001	0.99581	0.99589	448.59	./w10/NN.010.model	{0: {0: 18067, 1: 17, 2: 2, 3: 4, 4: 3}, 1: {0: 23, 1: 515, 2: 1, 3: 0, 4: 1}, 2: {0: 10, 1: 2, 2: 1455, 3: 3, 4: 0}, 3: {0: 12, 1: 1, 2: 5, 3: 163, 4: 0}, 4: {0: 6, 1: 0, 2: 0, 3: 0, 4: 1602}}
10	mexh	(100, 16)	tanh	0.01	0.98942	0.98927	255.84	./w10/NN.011.model	{0: {0: 18043, 1: 31, 2: 8, 3: 5, 4: 6}, 1: {0: 71, 1: 466, 2: 2, 3: 0, 4: 1}, 2: {0: 37, 1: 3, 2: 1418, 3: 4, 4: 8}, 3: {0: 39, 1: 0, 2: 7, 3: 135, 4: 0}, 4: {0: 12, 1: 1, 2: 0, 3: 0, 4: 1595}}
10	mexh	(50, 32)	relu	1e-05	0.99131	0.99150	291.74	./w10/NN.012.model	{0: {0: 18054, 1: 11, 2: 9, 3: 14, 4: 5}, 1: {0: 68, 1: 467, 2: 4, 3: 0, 4: 1}, 2: {0: 23, 1: 3, 2: 1437, 3: 5, 4: 2}, 3: {0: 25, 1: 1, 2: 6, 3: 149, 4: 0}, 4: {0: 7, 1: 0, 2: 1, 3: 1, 4: 1599}}
10	mexh	(50, 32)	relu	0.0001	0.99027	0.98977	295.83	./w10/NN.013.model	{0: {0: 18053, 1: 13, 2: 23, 3: 2, 4: 2}, 1: {0: 87, 1: 447, 2: 3, 3: 0, 4: 3}, 2: {0: 20, 1: 3, 2: 1444, 3: 3, 4: 0}, 3: {0: 37, 1: 0, 2: 10, 3: 134, 4: 0}, 4: {0: 14, 1: 0, 2: 4, 3: 0, 4: 1590}}
10	mexh	(50, 32)	relu	0.01	0.98642	0.98584	266.02	./w10/NN.014.model	{0: {0: 18069, 1: 7, 2: 13, 3: 1, 4: 3}, 1: {0: 132, 1: 402, 2: 5, 3: 0, 4: 1}, 2: {0: 45, 1: 2, 2: 1416, 3: 3, 4: 4}, 3: {0: 48, 1: 1, 2: 17, 3: 115, 4: 0}, 4: {0: 24, 1: 1, 2: 3, 3: 0, 4: 1580}}
10	mexh	(50, 32)	tanh	1e-05	0.99243	0.99219	306.98	./w10/NN.015.model	{0: {0: 18060, 1: 16, 2: 11, 3: 5, 4: 1}, 1: {0: 49, 1: 487, 2: 3, 3: 1, 4: 0}, 2: {0: 15, 1: 0, 2: 1448, 3: 7, 4: 0}, 3: {0: 27, 1: 2, 2: 14, 3: 138, 4: 0}, 4: {0: 15, 1: 0, 2: 5, 3: 0, 4: 1588}}
10	mexh	(50, 32)	tanh	0.0001	0.99253	0.99173	275.80	./w10/NN.016.model	{0: {0: 18029, 1: 42, 2: 11, 3: 5, 4: 6}, 1: {0: 38, 1: 499, 2: 3, 3: 0, 4: 0}, 2: {0: 15, 1: 3, 2: 1444, 3: 6, 4: 2}, 3: {0: 29, 1: 0, 2: 12, 3: 140, 4: 0}, 4: {0: 5, 1: 2, 2: 2, 3: 0, 4: 1599}}
10	mexh	(50, 32)	tanh	0.01	0.98929	0.98968	289.56	./w10/NN.017.model	{0: {0: 18021, 1: 50, 2: 16, 3: 2, 4: 4}, 1: {0: 50, 1: 486, 2: 3, 3: 0, 4: 1}, 2: {0: 28, 1: 1, 2: 1438, 3: 3, 4: 0}, 3: {0: 39, 1: 0, 2: 13, 3: 129, 4: 0}, 4: {0: 9, 1: 1, 2: 5, 3: 1, 4: 1592}}
10	mexh	(50, 32, 4)	relu	1e-05	0.98949	0.98927	229.11	./w10/NN.018.model	{0: {0: 18060, 1: 14, 2: 10, 3: 7, 4: 2}, 1: {0: 87, 1: 450, 2: 3, 3: 0, 4: 0}, 2: {0: 29, 1: 1, 2: 1434, 3: 5, 4: 1}, 3: {0: 30, 1: 0, 2: 15, 3: 136, 4: 0}, 4: {0: 26, 1: 2, 2: 3, 3: 0, 4: 1577}}
10	mexh	(50, 32, 4)	relu	0.0001	0.98969	0.98990	239.77	./w10/NN.019.model	{0: {0: 18039, 1: 22, 2: 16, 3: 15, 4: 1}, 1: {0: 79, 1: 458, 2: 2, 3: 0, 4: 1}, 2: {0: 29, 1: 3, 2: 1435, 3: 3, 4: 0}, 3: {0: 21, 1: 0, 2: 8, 3: 152, 4: 0}, 4: {0: 13, 1: 2, 2: 6, 3: 0, 4: 1587}}
10	mexh	(50, 32, 4)	relu	0.01	0.98748	0.98817	230.72	./w10/NN.020.model	{0: {0: 18056, 1: 12, 2: 17, 3: 3, 4: 5}, 1: {0: 109, 1: 422, 2: 4, 3: 0, 4: 5}, 2: {0: 33, 1: 0, 2: 1433, 3: 2, 4: 2}, 3: {0: 40, 1: 0, 2: 11, 3: 130, 4: 0}, 4: {0: 14, 1: 0, 2: 2, 3: 0, 4: 1592}}
10	mexh	(50, 32, 4)	tanh	1e-05	0.99324	0.99324	250.01	./w10/NN.021.model	{0: {0: 18045, 1: 29, 2: 12, 3: 6, 4: 1}, 1: {0: 38, 1: 499, 2: 2, 3: 0, 4: 1}, 2: {0: 14, 1: 3, 2: 1448, 3: 4, 4: 1}, 3: {0: 19, 1: 2, 2: 9, 3: 151, 4: 0}, 4: {0: 6, 1: 0, 2: 1, 3: 0, 4: 1601}}
10	mexh	(50, 32, 4)	tanh	0.0001	0.99266	0.99210	230.75	./w10/NN.022.model	{0: {0: 18047, 1: 32, 2: 7, 3: 4, 4: 3}, 1: {0: 42, 1: 496, 2: 2, 3: 0, 4: 0}, 2: {0: 16, 1: 7, 2: 1436, 3: 8, 4: 3}, 3: {0: 31, 1: 0, 2: 3, 3: 146, 4: 1}, 4: {0: 11, 1: 2, 2: 1, 3: 0, 4: 1594}}
10	mexh	(50, 32, 4)	tanh	0.01	0.99030	0.99022	189.14	./w10/NN.023.model	{0: {0: 18065, 1: 13, 2: 10, 3: 4, 4: 1}, 1: {0: 84, 1: 451, 2: 5, 3: 0, 4: 0}, 2: {0: 30, 1: 0, 2: 1436, 3: 3, 4: 1}, 3: {0: 39, 1: 0, 2: 9, 3: 133, 4: 0}, 4: {0: 11, 1: 0, 2: 4, 3: 0, 4: 1593}}
10	morl	(100)	relu	1e-05	0.99583	0.99525	343.19	./w10/NN.024.model	{0: {0: 18080, 1: 7, 2: 3, 3: 1, 4: 2}, 1: {0: 36, 1: 500, 2: 4, 3: 0, 4: 0}, 2: {0: 9, 1: 0, 2: 1459, 3: 1, 4: 1}, 3: {0: 26, 1: 0, 2: 8, 3: 147, 4: 0}, 4: {0: 5, 1: 0, 2: 1, 3: 0, 4: 1602}}
10	morl	(100)	relu	0.0001	0.99541	0.99530	374.56	./w10/NN.025.model	{0: {0: 18081, 1: 6, 2: 0, 3: 4, 4: 2}, 1: {0: 38, 1: 498, 2: 4, 3: 0, 4: 0}, 2: {0: 8, 1: 0, 2: 1459, 3: 1, 4: 2}, 3: {0: 26, 1: 0, 2: 5, 3: 150, 4: 0}, 4: {0: 6, 1: 0, 2: 1, 3: 0, 4: 1601}}
10	morl	(100)	relu	0.01	0.98821	0.98835	239.61	./w10/NN.026.model	{0: {0: 18055, 1: 22, 2: 12, 3: 3, 4: 1}, 1: {0: 79, 1: 458, 2: 3, 3: 0, 4: 0}, 2: {0: 35, 1: 5, 2: 1425, 3: 3, 4: 2}, 3: {0: 39, 1: 2, 2: 12, 3: 128, 4: 0}, 4: {0: 33, 1: 1, 2: 3, 3: 0, 4: 1571}}
10	morl	(100)	tanh	1e-05	0.99765	0.99776	404.86	./w10/NN.027.model	{0: {0: 18086, 1: 4, 2: 0, 3: 2, 4: 1}, 1: {0: 17, 1: 523, 2: 0, 3: 0, 4: 0}, 2: {0: 1, 1: 0, 2: 1468, 3: 1, 4: 0}, 3: {0: 14, 1: 0, 2: 5, 3: 162, 4: 0}, 4: {0: 4, 1: 0, 2: 0, 3: 0, 4: 1604}}
10	morl	(100)	tanh	0.0001	0.99740	0.99753	391.12	./w10/NN.028.model	{0: {0: 18084, 1: 5, 2: 0, 3: 3, 4: 1}, 1: {0: 18, 1: 522, 2: 0, 3: 0, 4: 0}, 2: {0: 2, 1: 0, 2: 1467, 3: 1, 4: 0}, 3: {0: 15, 1: 0, 2: 5, 3: 161, 4: 0}, 4: {0: 4, 1: 0, 2: 0, 3: 0, 4: 1604}}
10	morl	(100)	tanh	0.01	0.98774	0.98726	351.12	./w10/NN.029.model	{0: {0: 18045, 1: 31, 2: 9, 3: 3, 4: 5}, 1: {0: 107, 1: 425, 2: 8, 3: 0, 4: 0}, 2: {0: 28, 1: 0, 2: 1439, 3: 2, 4: 1}, 3: {0: 44, 1: 0, 2: 15, 3: 122, 4: 0}, 4: {0: 21, 1: 1, 2: 4, 3: 0, 4: 1582}}
10	morl	(100, 16)	relu	1e-05	0.99717	0.99772	374.01	./w10/NN.030.model	{0: {0: 18071, 1: 16, 2: 0, 3: 5, 4: 1}, 1: {0: 5, 1: 535, 2: 0, 3: 0, 4: 0}, 2: {0: 6, 1: 1, 2: 1457, 3: 4, 4: 2}, 3: {0: 8, 1: 0, 2: 2, 3: 171, 4: 0}, 4: {0: 0, 1: 0, 2: 0, 3: 0, 4: 1608}}
10	morl	(100, 16)	relu	0.0001	0.99478	0.99484	198.04	./w10/NN.031.model	{0: {0: 18051, 1: 25, 2: 5, 3: 2, 4: 10}, 1: {0: 20, 1: 519, 2: 1, 3: 0, 4: 0}, 2: {0: 7, 1: 0, 2: 1452, 3: 7, 4: 4}, 3: {0: 26, 1: 0, 2: 4, 3: 151, 4: 0}, 4: {0: 2, 1: 0, 2: 0, 3: 0, 4: 1606}}
10	morl	(100, 16)	relu	0.01	0.99156	0.99178	301.51	./w10/NN.032.model	{0: {0: 18054, 1: 22, 2: 11, 3: 5, 4: 1}, 1: {0: 54, 1: 485, 2: 1, 3: 0, 4: 0}, 2: {0: 18, 1: 5, 2: 1441, 3: 5, 4: 1}, 3: {0: 29, 1: 0, 2: 8, 3: 143, 4: 1}, 4: {0: 18, 1: 1, 2: 0, 3: 0, 4: 1589}}
10	morl	(100, 16)	tanh	1e-05	0.99858	0.99872	447.79	./w10/NN.033.model	{0: {0: 18084, 1: 2, 2: 0, 3: 6, 4: 1}, 1: {0: 6, 1: 533, 2: 1, 3: 0, 4: 0}, 2: {0: 0, 1: 0, 2: 1468, 3: 2, 4: 0}, 3: {0: 5, 1: 0, 2: 4, 3: 171, 4: 1}, 4: {0: 0, 1: 0, 2: 0, 3: 0, 4: 1608}}
10	morl	(100, 16)	tanh	0.0001	0.99812	0.99822	423.27	./w10/NN.034.model	{0: {0: 18087, 1: 2, 2: 0, 3: 4, 4: 0}, 1: {0: 10, 1: 530, 2: 0, 3: 0, 4: 0}, 2: {0: 0, 1: 0, 2: 1467, 3: 2, 4: 1}, 3: {0: 12, 1: 0, 2: 6, 3: 163, 4: 0}, 4: {0: 2, 1: 0, 2: 0, 3: 0, 4: 1606}}
10	morl	(100, 16)	tanh	0.01	0.99228	0.99283	388.17	./w10/NN.035.model	{0: {0: 18074, 1: 7, 2: 0, 3: 6, 4: 6}, 1: {0: 65, 1: 472, 2: 2, 3: 0, 4: 1}, 2: {0: 16, 1: 0, 2: 1442, 3: 11, 4: 1}, 3: {0: 30, 1: 0, 2: 4, 3: 146, 4: 1}, 4: {0: 6, 1: 0, 2: 1, 3: 0, 4: 1601}}
10	morl	(50, 32)	relu	1e-05	0.99551	0.99493	303.39	./w10/NN.036.model	{0: {0: 18073, 1: 8, 2: 4, 3: 7, 4: 1}, 1: {0: 29, 1: 506, 2: 4, 3: 1, 4: 0}, 2: {0: 14, 1: 1, 2: 1440, 3: 13, 4: 2}, 3: {0: 17, 1: 0, 2: 2, 3: 162, 4: 0}, 4: {0: 8, 1: 0, 2: 0, 3: 0, 4: 1600}}
10	morl	(50, 32)	relu	0.0001	0.99563	0.99548	302.13	./w10/NN.037.model	{0: {0: 18060, 1: 15, 2: 1, 3: 2, 4: 15}, 1: {0: 17, 1: 522, 2: 1, 3: 0, 4: 0}, 2: {0: 7, 1: 2, 2: 1453, 3: 7, 4: 1}, 3: {0: 23, 1: 0, 2: 7, 3: 151, 4: 0}, 4: {0: 0, 1: 1, 2: 0, 3: 0, 4: 1607}}
10	morl	(50, 32)	relu	0.01	0.98922	0.98922	265.89	./w10/NN.038.model	{0: {0: 18081, 1: 1, 2: 0, 3: 4, 4: 7}, 1: {0: 120, 1: 414, 2: 5, 3: 0, 4: 1}, 2: {0: 27, 1: 0, 2: 1433, 3: 5, 4: 5}, 3: {0: 41, 1: 0, 2: 12, 3: 128, 4: 0}, 4: {0: 6, 1: 0, 2: 2, 3: 0, 4: 1600}}
10	morl	(50, 32)	tanh	1e-05	0.99783	0.99758	301.90	./w10/NN.039.model	{0: {0: 18087, 1: 1, 2: 2, 3: 3, 4: 0}, 1: {0: 20, 1: 517, 2: 3, 3: 0, 4: 0}, 2: {0: 3, 1: 0, 2: 1465, 3: 1, 4: 1}, 3: {0: 12, 1: 0, 2: 7, 3: 162, 4: 0}, 4: {0: 0, 1: 0, 2: 0, 3: 0, 4: 1608}}
10	morl	(50, 32)	tanh	0.0001	0.99673	0.99676	290.72	./w10/NN.040.model	{0: {0: 18067, 1: 13, 2: 4, 3: 9, 4: 0}, 1: {0: 10, 1: 530, 2: 0, 3: 0, 4: 0}, 2: {0: 2, 1: 2, 2: 1465, 3: 1, 4: 0}, 3: {0: 18, 1: 0, 2: 7, 3: 156, 4: 0}, 4: {0: 3, 1: 0, 2: 2, 3: 0, 4: 1603}}
10	morl	(50, 32)	tanh	0.01	0.99174	0.99173	277.12	./w10/NN.041.model	{0: {0: 18064, 1: 24, 2: 0, 3: 2, 4: 3}, 1: {0: 44, 1: 494, 2: 2, 3: 0, 4: 0}, 2: {0: 27, 1: 0, 2: 1435, 3: 1, 4: 7}, 3: {0: 45, 1: 2, 2: 6, 3: 128, 4: 0}, 4: {0: 16, 1: 1, 2: 1, 3: 0, 4: 1590}}
10	morl	(50, 32, 4)	relu	1e-05	0.99420	0.99479	279.93	./w10/NN.042.model	{0: {0: 18060, 1: 15, 2: 8, 3: 9, 4: 1}, 1: {0: 27, 1: 510, 2: 3, 3: 0, 4: 0}, 2: {0: 10, 1: 3, 2: 1449, 3: 7, 4: 1}, 3: {0: 22, 1: 0, 2: 4, 3: 155, 4: 0}, 4: {0: 3, 1: 0, 2: 1, 3: 0, 4: 1604}}
10	morl	(50, 32, 4)	relu	0.0001	0.99536	0.99557	275.39	./w10/NN.043.model	{0: {0: 18070, 1: 12, 2: 2, 3: 4, 4: 5}, 1: {0: 31, 1: 503, 2: 5, 3: 0, 4: 1}, 2: {0: 4, 1: 0, 2: 1455, 3: 9, 4: 2}, 3: {0: 15, 1: 0, 2: 7, 3: 159, 4: 0}, 4: {0: 0, 1: 0, 2: 0, 3: 0, 4: 1608}}
10	morl	(50, 32, 4)	relu	0.01	0.99256	0.99265	224.64	./w10/NN.044.model	{0: {0: 18060, 1: 12, 2: 6, 3: 10, 4: 5}, 1: {0: 47, 1: 489, 2: 2, 3: 0, 4: 2}, 2: {0: 16, 1: 6, 2: 1439, 3: 6, 4: 3}, 3: {0: 27, 1: 1, 2: 11, 3: 142, 4: 0}, 4: {0: 6, 1: 0, 2: 1, 3: 0, 4: 1601}}
10	morl	(50, 32, 4)	tanh	1e-05	0.99652	0.99667	248.36	./w10/NN.045.model	{0: {0: 18085, 1: 4, 2: 0, 3: 3, 4: 1}, 1: {0: 25, 1: 513, 2: 0, 3: 2, 4: 0}, 2: {0: 6, 1: 0, 2: 1458, 3: 5, 4: 1}, 3: {0: 20, 1: 1, 2: 4, 3: 156, 4: 0}, 4: {0: 1, 1: 0, 2: 0, 3: 0, 4: 1607}}
10	morl	(50, 32, 4)	tanh	0.0001	0.99603	0.99520	214.56	./w10/NN.046.model	{0: {0: 18081, 1: 4, 2: 4, 3: 3, 4: 1}, 1: {0: 35, 1: 504, 2: 0, 3: 1, 4: 0}, 2: {0: 6, 1: 0, 2: 1453, 3: 10, 4: 1}, 3: {0: 27, 1: 3, 2: 6, 3: 145, 4: 0}, 4: {0: 2, 1: 0, 2: 2, 3: 0, 4: 1604}}
10	morl	(50, 32, 4)	tanh	0.01	0.99357	0.99360	197.88	./w10/NN.047.model	{0: {0: 18058, 1: 14, 2: 4, 3: 11, 4: 6}, 1: {0: 48, 1: 489, 2: 2, 3: 0, 4: 1}, 2: {0: 9, 1: 1, 2: 1454, 3: 3, 4: 3}, 3: {0: 24, 1: 0, 2: 10, 3: 146, 4: 1}, 4: {0: 3, 1: 0, 2: 0, 3: 0, 4: 1605}}
10	morl	(2000)	tanh	1e-05	0.99783	0.99794	3541.70	./big_nn/w10.morl.2000.tanh/NN.000.model	{0: {0: 18075, 1: 17, 2: 0, 3: 0, 4: 1}, 1: {0: 3, 1: 537, 2: 0, 3: 0, 4: 0}, 2: {0: 0, 1: 0, 2: 1465, 3: 5, 4: 0}, 3: {0: 19, 1: 0, 2: 0, 3: 162, 4: 0}, 4: {0: 0, 1: 0, 2: 0, 3: 0, 4: 1608}}
25	gaus5	(100)	relu	1e-05	0.99547	0.99593	535.56	./w25/NN.048.model	{0: {0: 18058, 1: 15, 2: 1, 3: 10, 4: 0}, 1: {0: 21, 1: 514, 2: 0, 3: 0, 4: 0}, 2: {0: 11, 1: 0, 2: 1456, 3: 10, 4: 0}, 3: {0: 13, 1: 1, 2: 1, 3: 157, 4: 0}, 4: {0: 3, 1: 0, 2: 3, 3: 0, 4: 1618}}
25	gaus5	(100)	relu	0.0001	0.99496	0.99511	468.53	./w25/NN.049.model	{0: {0: 18061, 1: 20, 2: 0, 3: 1, 4: 2}, 1: {0: 20, 1: 515, 2: 0, 3: 0, 4: 0}, 2: {0: 10, 1: 3, 2: 1462, 3: 0, 4: 2}, 3: {0: 22, 1: 2, 2: 13, 3: 135, 4: 0}, 4: {0: 9, 1: 1, 2: 2, 3: 0, 4: 1612}}
25	gaus5	(100)	relu	0.01	0.98876	0.98835	308.30	./w25/NN.050.model	{0: {0: 18028, 1: 41, 2: 6, 3: 5, 4: 4}, 1: {0: 85, 1: 446, 2: 2, 3: 1, 4: 1}, 2: {0: 45, 1: 5, 2: 1418, 3: 8, 4: 1}, 3: {0: 28, 1: 1, 2: 6, 3: 137, 4: 0}, 4: {0: 15, 1: 0, 2: 1, 3: 0, 4: 1608}}
25	gaus5	(100)	tanh	1e-05	0.99862	0.99858	695.16	./w25/NN.051.model	{0: {0: 18078, 1: 2, 2: 1, 3: 3, 4: 0}, 1: {0: 6, 1: 528, 2: 1, 3: 0, 4: 0}, 2: {0: 0, 1: 0, 2: 1476, 3: 1, 4: 0}, 3: {0: 6, 1: 0, 2: 10, 3: 156, 4: 0}, 4: {0: 1, 1: 0, 2: 0, 3: 0, 4: 1623}}
25	gaus5	(100)	tanh	0.0001	0.99751	0.99776	555.15	./w25/NN.052.model	{0: {0: 18079, 1: 4, 2: 0, 3: 1, 4: 0}, 1: {0: 11, 1: 523, 2: 0, 3: 1, 4: 0}, 2: {0: 1, 1: 0, 2: 1471, 3: 3, 4: 2}, 3: {0: 15, 1: 0, 2: 9, 3: 148, 4: 0}, 4: {0: 2, 1: 0, 2: 0, 3: 0, 4: 1622}}
25	gaus5	(100)	tanh	0.01	0.99062	0.99128	291.35	./w25/NN.053.model	{0: {0: 18040, 1: 25, 2: 9, 3: 6, 4: 4}, 1: {0: 60, 1: 472, 2: 1, 3: 2, 4: 0}, 2: {0: 29, 1: 4, 2: 1438, 3: 6, 4: 0}, 3: {0: 27, 1: 1, 2: 5, 3: 139, 4: 0}, 4: {0: 11, 1: 0, 2: 1, 3: 0, 4: 1612}}
25	gaus5	(100, 16)	relu	1e-05	0.99682	0.99703	584.41	./w25/NN.054.model	{0: {0: 18062, 1: 12, 2: 1, 3: 2, 4: 7}, 1: {0: 12, 1: 522, 2: 1, 3: 0, 4: 0}, 2: {0: 2, 1: 0, 2: 1470, 3: 2, 4: 3}, 3: {0: 16, 1: 0, 2: 7, 3: 149, 4: 0}, 4: {0: 0, 1: 0, 2: 0, 3: 0, 4: 1624}}
25	gaus5	(100, 16)	relu	0.0001	0.99637	0.99676	436.45	./w25/NN.055.model	{0: {0: 18059, 1: 13, 2: 8, 3: 4, 4: 0}, 1: {0: 12, 1: 522, 2: 1, 3: 0, 4: 0}, 2: {0: 1, 1: 1, 2: 1472, 3: 3, 4: 0}, 3: {0: 9, 1: 0, 2: 8, 3: 155, 4: 0}, 4: {0: 11, 1: 0, 2: 0, 3: 0, 4: 1613}}
25	gaus5	(100, 16)	relu	0.01	0.99186	0.99246	394.86	./w25/NN.056.model	{0: {0: 18063, 1: 13, 2: 6, 3: 2, 4: 0}, 1: {0: 59, 1: 474, 2: 2, 3: 0, 4: 0}, 2: {0: 23, 1: 2, 2: 1446, 3: 6, 4: 0}, 3: {0: 31, 1: 0, 2: 7, 3: 134, 4: 0}, 4: {0: 14, 1: 0, 2: 0, 3: 0, 4: 1610}}
25	gaus5	(100, 16)	tanh	1e-05	0.99674	0.99685	383.57	./w25/NN.057.model	{0: {0: 18053, 1: 14, 2: 1, 3: 2, 4: 14}, 1: {0: 7, 1: 528, 2: 0, 3: 0, 4: 0}, 2: {0: 4, 1: 1, 2: 1471, 3: 1, 4: 0}, 3: {0: 10, 1: 1, 2: 12, 3: 149, 4: 0}, 4: {0: 2, 1: 0, 2: 0, 3: 0, 4: 1622}}
25	gaus5	(100, 16)	tanh	0.0001	0.99663	0.99630	442.75	./w25/NN.058.model	{0: {0: 18060, 1: 11, 2: 3, 3: 2, 4: 8}, 1: {0: 10, 1: 525, 2: 0, 3: 0, 4: 0}, 2: {0: 10, 1: 0, 2: 1462, 3: 3, 4: 2}, 3: {0: 13, 1: 1, 2: 13, 3: 145, 4: 0}, 4: {0: 0, 1: 2, 2: 3, 3: 0, 4: 1619}}
25	gaus5	(100, 16)	tanh	0.01	0.99375	0.99402	451.62	./w25/NN.059.model	{0: {0: 18015, 1: 32, 2: 16, 3: 8, 4: 13}, 1: {0: 22, 1: 512, 2: 1, 3: 0, 4: 0}, 2: {0: 4, 1: 0, 2: 1469, 3: 3, 4: 1}, 3: {0: 16, 1: 0, 2: 13, 3: 143, 4: 0}, 4: {0: 2, 1: 0, 2: 0, 3: 0, 4: 1622}}
25	gaus5	(50, 32)	relu	1e-05	0.99509	0.99548	316.64	./w25/NN.060.model	{0: {0: 18059, 1: 7, 2: 9, 3: 7, 4: 2}, 1: {0: 42, 1: 490, 2: 3, 3: 0, 4: 0}, 2: {0: 4, 1: 0, 2: 1462, 3: 10, 4: 1}, 3: {0: 9, 1: 0, 2: 3, 3: 160, 4: 0}, 4: {0: 1, 1: 0, 2: 1, 3: 0, 4: 1622}}
25	gaus5	(50, 32)	relu	0.0001	0.99455	0.99429	402.77	./w25/NN.061.model	{0: {0: 18044, 1: 8, 2: 18, 3: 3, 4: 11}, 1: {0: 32, 1: 500, 2: 2, 3: 0, 4: 1}, 2: {0: 1, 1: 0, 2: 1475, 3: 0, 4: 1}, 3: {0: 20, 1: 0, 2: 24, 3: 126, 4: 2}, 4: {0: 2, 1: 0, 2: 0, 3: 0, 4: 1622}}
25	gaus5	(50, 32)	relu	0.01	0.99200	0.99274	367.89	./w25/NN.062.model	{0: {0: 18056, 1: 13, 2: 4, 3: 1, 4: 10}, 1: {0: 54, 1: 479, 2: 1, 3: 0, 4: 1}, 2: {0: 20, 1: 2, 2: 1452, 3: 3, 4: 0}, 3: {0: 23, 1: 0, 2: 18, 3: 131, 4: 0}, 4: {0: 3, 1: 0, 2: 6, 3: 0, 4: 1615}}
25	gaus5	(50, 32)	tanh	1e-05	0.99752	0.99762	466.83	./w25/NN.063.model	{0: {0: 18074, 1: 7, 2: 0, 3: 1, 4: 2}, 1: {0: 18, 1: 515, 2: 1, 3: 1, 4: 0}, 2: {0: 3, 1: 0, 2: 1469, 3: 4, 4: 1}, 3: {0: 8, 1: 0, 2: 4, 3: 160, 4: 0}, 4: {0: 2, 1: 0, 2: 0, 3: 0, 4: 1622}}
25	gaus5	(50, 32)	tanh	0.0001	0.99686	0.99680	472.97	./w25/NN.064.model	{0: {0: 18045, 1: 24, 2: 7, 3: 6, 4: 2}, 1: {0: 5, 1: 530, 2: 0, 3: 0, 4: 0}, 2: {0: 1, 1: 1, 2: 1471, 3: 4, 4: 0}, 3: {0: 10, 1: 0, 2: 8, 3: 154, 4: 0}, 4: {0: 2, 1: 0, 2: 0, 3: 0, 4: 1622}}
25	gaus5	(50, 32)	tanh	0.01	0.99213	0.99251	344.22	./w25/NN.065.model	{0: {0: 18017, 1: 28, 2: 23, 3: 4, 4: 12}, 1: {0: 44, 1: 488, 2: 1, 3: 1, 4: 1}, 2: {0: 6, 1: 0, 2: 1468, 3: 2, 4: 1}, 3: {0: 19, 1: 0, 2: 19, 3: 134, 4: 0}, 4: {0: 0, 1: 0, 2: 2, 3: 1, 4: 1621}}
25	gaus5	(50, 32, 4)	relu	1e-05	0.99437	0.99429	319.70	./w25/NN.066.model	{0: {0: 18034, 1: 13, 2: 22, 3: 3, 4: 12}, 1: {0: 25, 1: 503, 2: 6, 3: 1, 4: 0}, 2: {0: 1, 1: 0, 2: 1471, 3: 3, 4: 2}, 3: {0: 12, 1: 4, 2: 16, 3: 140, 4: 0}, 4: {0: 3, 1: 0, 2: 2, 3: 0, 4: 1619}}
25	gaus5	(50, 32, 4)	relu	0.0001	0.99459	0.99452	387.32	./w25/NN.067.model	{0: {0: 18037, 1: 30, 2: 4, 3: 6, 4: 7}, 1: {0: 23, 1: 502, 2: 9, 3: 1, 4: 0}, 2: {0: 2, 1: 4, 2: 1469, 3: 1, 4: 1}, 3: {0: 17, 1: 0, 2: 12, 3: 143, 4: 0}, 4: {0: 2, 1: 1, 2: 0, 3: 0, 4: 1621}}
25	gaus5	(50, 32, 4)	relu	0.01	0.99076	0.99141	281.01	./w25/NN.068.model	{0: {0: 18005, 1: 55, 2: 14, 3: 4, 4: 6}, 1: {0: 21, 1: 506, 2: 5, 3: 0, 4: 3}, 2: {0: 22, 1: 1, 2: 1443, 3: 5, 4: 6}, 3: {0: 22, 1: 1, 2: 9, 3: 139, 4: 1}, 4: {0: 12, 1: 1, 2: 0, 3: 0, 4: 1611}}
25	gaus5	(50, 32, 4)	tanh	1e-05	0.99608	0.99607	288.37	./w25/NN.069.model	{0: {0: 18054, 1: 11, 2: 7, 3: 4, 4: 8}, 1: {0: 13, 1: 519, 2: 3, 3: 0, 4: 0}, 2: {0: 7, 1: 6, 2: 1459, 3: 5, 4: 0}, 3: {0: 15, 1: 0, 2: 3, 3: 154, 4: 0}, 4: {0: 2, 1: 0, 2: 2, 3: 0, 4: 1620}}
25	gaus5	(50, 32, 4)	tanh	0.0001	0.99598	0.99625	309.65	./w25/NN.070.model	{0: {0: 18061, 1: 13, 2: 1, 3: 7, 4: 2}, 1: {0: 14, 1: 520, 2: 1, 3: 0, 4: 0}, 2: {0: 4, 1: 3, 2: 1465, 3: 1, 4: 4}, 3: {0: 18, 1: 0, 2: 10, 3: 143, 4: 1}, 4: {0: 3, 1: 0, 2: 0, 3: 0, 4: 1621}}
25	gaus5	(50, 32, 4)	tanh	0.01	0.99235	0.99219	270.67	./w25/NN.071.model	{0: {0: 18054, 1: 22, 2: 5, 3: 3, 4: 0}, 1: {0: 45, 1: 489, 2: 1, 3: 0, 4: 0}, 2: {0: 25, 1: 1, 2: 1440, 3: 11, 4: 0}, 3: {0: 31, 1: 0, 2: 4, 3: 137, 4: 0}, 4: {0: 22, 1: 0, 2: 1, 3: 0, 4: 1601}}
25	mexh	(100)	relu	1e-05	0.99061	0.99050	579.20	./w25/NN.000.model	{0: {0: 18026, 1: 40, 2: 3, 3: 6, 4: 9}, 1: {0: 45, 1: 488, 2: 1, 3: 0, 4: 1}, 2: {0: 55, 1: 2, 2: 1411, 3: 7, 4: 2}, 3: {0: 23, 1: 1, 2: 10, 3: 138, 4: 0}, 4: {0: 3, 1: 0, 2: 0, 3: 0, 4: 1621}}
25	mexh	(100)	relu	0.0001	0.98933	0.98895	428.39	./w25/NN.001.model	{0: {0: 17944, 1: 99, 2: 26, 3: 5, 4: 10}, 1: {0: 32, 1: 503, 2: 0, 3: 0, 4: 0}, 2: {0: 20, 1: 2, 2: 1449, 3: 5, 4: 1}, 3: {0: 18, 1: 1, 2: 14, 3: 139, 4: 0}, 4: {0: 6, 1: 1, 2: 2, 3: 0, 4: 1615}}
25	mexh	(100)	relu	0.01	0.98259	0.98296	314.47	./w25/NN.002.model	{0: {0: 18034, 1: 10, 2: 4, 3: 1, 4: 35}, 1: {0: 129, 1: 400, 2: 1, 3: 0, 4: 5}, 2: {0: 85, 1: 2, 2: 1363, 3: 7, 4: 20}, 3: {0: 51, 1: 0, 2: 8, 3: 113, 4: 0}, 4: {0: 14, 1: 0, 2: 1, 3: 0, 4: 1609}}
25	mexh	(100)	tanh	1e-05	0.99376	0.99392	550.17	./w25/NN.003.model	{0: {0: 18063, 1: 10, 2: 7, 3: 3, 4: 1}, 1: {0: 36, 1: 496, 2: 3, 3: 0, 4: 0}, 2: {0: 18, 1: 2, 2: 1453, 3: 4, 4: 0}, 3: {0: 26, 1: 0, 2: 11, 3: 135, 4: 0}, 4: {0: 12, 1: 0, 2: 0, 3: 0, 4: 1612}}
25	mexh	(100)	tanh	0.0001	0.99253	0.99310	431.16	./w25/NN.004.model	{0: {0: 18034, 1: 18, 2: 14, 3: 12, 4: 6}, 1: {0: 41, 1: 494, 2: 0, 3: 0, 4: 0}, 2: {0: 19, 1: 1, 2: 1449, 3: 7, 4: 1}, 3: {0: 20, 1: 0, 2: 5, 3: 147, 4: 0}, 4: {0: 7, 1: 0, 2: 0, 3: 0, 4: 1617}}
25	mexh	(100)	tanh	0.01	0.98486	0.98534	310.93	./w25/NN.005.model	{0: {0: 17954, 1: 27, 2: 74, 3: 11, 4: 18}, 1: {0: 91, 1: 429, 2: 14, 3: 0, 4: 1}, 2: {0: 27, 1: 0, 2: 1442, 3: 7, 4: 1}, 3: {0: 22, 1: 0, 2: 11, 3: 139, 4: 0}, 4: {0: 11, 1: 0, 2: 6, 3: 0, 4: 1607}}
25	mexh	(100, 16)	relu	1e-05	0.99348	0.99319	649.72	./w25/NN.006.model	{0: {0: 18027, 1: 26, 2: 12, 3: 2, 4: 17}, 1: {0: 34, 1: 500, 2: 0, 3: 0, 4: 1}, 2: {0: 19, 1: 1, 2: 1454, 3: 2, 4: 1}, 3: {0: 16, 1: 0, 2: 10, 3: 146, 4: 0}, 4: {0: 5, 1: 0, 2: 3, 3: 0, 4: 1616}}
25	mexh	(100, 16)	relu	0.0001	0.99306	0.99237	642.71	./w25/NN.007.model	{0: {0: 18045, 1: 18, 2: 7, 3: 9, 4: 5}, 1: {0: 52, 1: 481, 2: 2, 3: 0, 4: 0}, 2: {0: 30, 1: 4, 2: 1432, 3: 9, 4: 2}, 3: {0: 17, 1: 2, 2: 6, 3: 146, 4: 1}, 4: {0: 2, 1: 0, 2: 1, 3: 0, 4: 1621}}
25	mexh	(100, 16)	relu	0.01	0.98756	0.98821	469.50	./w25/NN.008.model	{0: {0: 18034, 1: 29, 2: 8, 3: 4, 4: 9}, 1: {0: 80, 1: 454, 2: 1, 3: 0, 4: 0}, 2: {0: 57, 1: 6, 2: 1406, 3: 5, 4: 3}, 3: {0: 33, 1: 0, 2: 15, 3: 124, 4: 0}, 4: {0: 8, 1: 0, 2: 0, 3: 0, 4: 1616}}
25	mexh	(100, 16)	tanh	1e-05	0.99207	0.99255	479.60	./w25/NN.009.model	{0: {0: 18064, 1: 2, 2: 6, 3: 5, 4: 7}, 1: {0: 76, 1: 453, 2: 3, 3: 0, 4: 3}, 2: {0: 26, 1: 0, 2: 1442, 3: 6, 4: 3}, 3: {0: 14, 1: 0, 2: 8, 3: 150, 4: 0}, 4: {0: 3, 1: 0, 2: 1, 3: 0, 4: 1620}}
25	mexh	(100, 16)	tanh	0.0001	0.99336	0.99338	481.72	./w25/NN.010.model	{0: {0: 18032, 1: 14, 2: 20, 3: 11, 4: 7}, 1: {0: 32, 1: 502, 2: 1, 3: 0, 4: 0}, 2: {0: 17, 1: 1, 2: 1456, 3: 2, 4: 1}, 3: {0: 19, 1: 0, 2: 14, 3: 139, 4: 0}, 4: {0: 5, 1: 0, 2: 1, 3: 0, 4: 1618}}
25	mexh	(100, 16)	tanh	0.01	0.98797	0.98881	295.10	./w25/NN.011.model	{0: {0: 18029, 1: 18, 2: 22, 3: 6, 4: 9}, 1: {0: 93, 1: 434, 2: 7, 3: 0, 4: 1}, 2: {0: 36, 1: 0, 2: 1429, 3: 12, 4: 0}, 3: {0: 21, 1: 0, 2: 10, 3: 141, 4: 0}, 4: {0: 10, 1: 0, 2: 0, 3: 0, 4: 1614}}
25	mexh	(50, 32)	relu	1e-05	0.99189	0.99228	374.55	./w25/NN.012.model	{0: {0: 18047, 1: 15, 2: 9, 3: 6, 4: 7}, 1: {0: 55, 1: 476, 2: 3, 3: 1, 4: 0}, 2: {0: 24, 1: 1, 2: 1441, 3: 8, 4: 3}, 3: {0: 21, 1: 1, 2: 7, 3: 143, 4: 0}, 4: {0: 6, 1: 2, 2: 0, 3: 0, 4: 1616}}
25	mexh	(50, 32)	relu	0.0001	0.99230	0.99233	381.66	./w25/NN.013.model	{0: {0: 18027, 1: 34, 2: 10, 3: 1, 4: 12}, 1: {0: 35, 1: 499, 2: 1, 3: 0, 4: 0}, 2: {0: 25, 1: 4, 2: 1439, 3: 9, 4: 0}, 3: {0: 25, 1: 0, 2: 6, 3: 141, 4: 0}, 4: {0: 6, 1: 0, 2: 0, 3: 0, 4: 1618}}
25	mexh	(50, 32)	relu	0.01	0.98569	0.98639	253.23	./w25/NN.014.model	{0: {0: 18000, 1: 34, 2: 20, 3: 23, 4: 7}, 1: {0: 77, 1: 451, 2: 6, 3: 1, 4: 0}, 2: {0: 52, 1: 1, 2: 1407, 3: 14, 4: 3}, 3: {0: 25, 1: 0, 2: 7, 3: 140, 4: 0}, 4: {0: 25, 1: 2, 2: 1, 3: 0, 4: 1596}}
25	mexh	(50, 32)	tanh	1e-05	0.99398	0.99415	497.40	./w25/NN.015.model	{0: {0: 18043, 1: 10, 2: 8, 3: 9, 4: 14}, 1: {0: 28, 1: 501, 2: 6, 3: 0, 4: 0}, 2: {0: 13, 1: 1, 2: 1453, 3: 7, 4: 3}, 3: {0: 20, 1: 0, 2: 6, 3: 146, 4: 0}, 4: {0: 2, 1: 0, 2: 1, 3: 0, 4: 1621}}
25	mexh	(50, 32)	tanh	0.0001	0.99237	0.99278	467.29	./w25/NN.016.model	{0: {0: 18014, 1: 42, 2: 16, 3: 1, 4: 11}, 1: {0: 17, 1: 516, 2: 1, 3: 1, 4: 0}, 2: {0: 19, 1: 1, 2: 1451, 3: 3, 4: 3}, 3: {0: 21, 1: 0, 2: 14, 3: 137, 4: 0}, 4: {0: 4, 1: 0, 2: 4, 3: 0, 4: 1616}}
25	mexh	(50, 32)	tanh	0.01	0.98848	0.98949	357.10	./w25/NN.017.model	{0: {0: 18017, 1: 32, 2: 15, 3: 2, 4: 18}, 1: {0: 68, 1: 462, 2: 4, 3: 0, 4: 1}, 2: {0: 26, 1: 3, 2: 1444, 3: 3, 4: 1}, 3: {0: 25, 1: 0, 2: 24, 3: 123, 4: 0}, 4: {0: 7, 1: 0, 2: 1, 3: 0, 4: 1616}}
25	mexh	(50, 32, 4)	relu	1e-05	0.99211	0.99210	364.17	./w25/NN.018.model	{0: {0: 18036, 1: 23, 2: 16, 3: 6, 4: 3}, 1: {0: 46, 1: 485, 2: 3, 3: 0, 4: 1}, 2: {0: 23, 1: 4, 2: 1441, 3: 8, 4: 1}, 3: {0: 20, 1: 1, 2: 14, 3: 137, 4: 0}, 4: {0: 2, 1: 2, 2: 0, 3: 0, 4: 1620}}
25	mexh	(50, 32, 4)	relu	0.0001	0.99172	0.99255	375.14	./w25/NN.019.model	{0: {0: 18058, 1: 10, 2: 14, 3: 2, 4: 0}, 1: {0: 61, 1: 471, 2: 3, 3: 0, 4: 0}, 2: {0: 21, 1: 1, 2: 1451, 3: 3, 4: 1}, 3: {0: 28, 1: 1, 2: 11, 3: 132, 4: 0}, 4: {0: 6, 1: 0, 2: 1, 3: 0, 4: 1617}}
25	mexh	(50, 32, 4)	relu	0.01	0.98706	0.98799	313.25	./w25/NN.020.model	{0: {0: 18052, 1: 15, 2: 11, 3: 4, 4: 2}, 1: {0: 94, 1: 437, 2: 4, 3: 0, 4: 0}, 2: {0: 52, 1: 2, 2: 1411, 3: 11, 4: 1}, 3: {0: 25, 1: 2, 2: 6, 3: 139, 4: 0}, 4: {0: 27, 1: 0, 2: 6, 3: 1, 4: 1590}}
25	mexh	(50, 32, 4)	tanh	1e-05	0.99172	0.99219	318.46	./w25/NN.021.model	{0: {0: 18027, 1: 30, 2: 7, 3: 13, 4: 7}, 1: {0: 45, 1: 490, 2: 0, 3: 0, 4: 0}, 2: {0: 26, 1: 0, 2: 1446, 3: 4, 4: 1}, 3: {0: 20, 1: 0, 2: 12, 3: 140, 4: 0}, 4: {0: 5, 1: 1, 2: 0, 3: 0, 4: 1618}}
25	mexh	(50, 32, 4)	tanh	0.0001	0.98991	0.98995	328.13	./w25/NN.022.model	{0: {0: 18023, 1: 31, 2: 19, 3: 7, 4: 4}, 1: {0: 54, 1: 478, 2: 3, 3: 0, 4: 0}, 2: {0: 27, 1: 1, 2: 1441, 3: 8, 4: 0}, 3: {0: 22, 1: 0, 2: 13, 3: 137, 4: 0}, 4: {0: 15, 1: 0, 2: 5, 3: 11, 4: 1593}}
25	mexh	(50, 32, 4)	tanh	0.01	0.98849	0.98990	230.75	./w25/NN.023.model	{0: {0: 18013, 1: 34, 2: 25, 3: 7, 4: 5}, 1: {0: 64, 1: 466, 2: 3, 3: 0, 4: 2}, 2: {0: 31, 1: 0, 2: 1441, 3: 5, 4: 0}, 3: {0: 15, 1: 0, 2: 17, 3: 138, 4: 2}, 4: {0: 7, 1: 2, 2: 2, 3: 0, 4: 1613}}
25	morl	(100)	relu	1e-05	0.99701	0.99730	555.77	./w25/NN.024.model	{0: {0: 18076, 1: 5, 2: 1, 3: 2, 4: 0}, 1: {0: 14, 1: 518, 2: 2, 3: 1, 4: 0}, 2: {0: 8, 1: 0, 2: 1467, 3: 1, 4: 1}, 3: {0: 12, 1: 0, 2: 10, 3: 150, 4: 0}, 4: {0: 2, 1: 0, 2: 0, 3: 0, 4: 1622}}
25	morl	(100)	relu	0.0001	0.99639	0.99657	631.75	./w25/NN.025.model	{0: {0: 18065, 1: 11, 2: 6, 3: 1, 4: 1}, 1: {0: 12, 1: 523, 2: 0, 3: 0, 4: 0}, 2: {0: 5, 1: 1, 2: 1463, 3: 8, 4: 0}, 3: {0: 18, 1: 0, 2: 4, 3: 150, 4: 0}, 4: {0: 8, 1: 0, 2: 0, 3: 0, 4: 1616}}
25	morl	(100)	relu	0.01	0.98920	0.98922	435.57	./w25/NN.026.model	{0: {0: 17994, 1: 25, 2: 45, 3: 6, 4: 14}, 1: {0: 51, 1: 481, 2: 3, 3: 0, 4: 0}, 2: {0: 25, 1: 3, 2: 1448, 3: 0, 4: 1}, 3: {0: 25, 1: 1, 2: 28, 3: 118, 4: 0}, 4: {0: 7, 1: 0, 2: 2, 3: 0, 4: 1615}}
25	morl	(100)	tanh	1e-05	0.99931	0.99936	697.11	./w25/NN.027.model	{0: {0: 18083, 1: 0, 2: 0, 3: 1, 4: 0}, 1: {0: 0, 1: 535, 2: 0, 3: 0, 4: 0}, 2: {0: 0, 1: 0, 2: 1472, 3: 5, 4: 0}, 3: {0: 8, 1: 0, 2: 0, 3: 164, 4: 0}, 4: {0: 0, 1: 0, 2: 0, 3: 0, 4: 1624}}
25	morl	(100)	tanh	0.0001	0.99869	0.99854	658.39	./w25/NN.028.model	{0: {0: 18081, 1: 2, 2: 0, 3: 1, 4: 0}, 1: {0: 2, 1: 533, 2: 0, 3: 0, 4: 0}, 2: {0: 0, 1: 0, 2: 1475, 3: 2, 4: 0}, 3: {0: 15, 1: 0, 2: 8, 3: 149, 4: 0}, 4: {0: 2, 1: 0, 2: 0, 3: 0, 4: 1622}}
25	morl	(100)	tanh	0.01	0.98850	0.98913	445.38	./w25/NN.029.model	{0: {0: 18072, 1: 11, 2: 0, 3: 1, 4: 0}, 1: {0: 91, 1: 443, 2: 1, 3: 0, 4: 0}, 2: {0: 24, 1: 0, 2: 1442, 3: 11, 4: 0}, 3: {0: 35, 1: 0, 2: 4, 3: 132, 4: 1}, 4: {0: 58, 1: 0, 2: 1, 3: 0, 4: 1565}}
25	morl	(100, 16)	relu	1e-05	0.99687	0.99685	493.21	./w25/NN.030.model	{0: {0: 18046, 1: 9, 2: 6, 3: 8, 4: 15}, 1: {0: 10, 1: 525, 2: 0, 3: 0, 4: 0}, 2: {0: 4, 1: 1, 2: 1466, 3: 6, 4: 0}, 3: {0: 9, 1: 0, 2: 1, 3: 162, 4: 0}, 4: {0: 0, 1: 0, 2: 0, 3: 0, 4: 1624}}
25	morl	(100, 16)	relu	0.0001	0.99776	0.99781	521.33	./w25/NN.031.model	{0: {0: 18073, 1: 2, 2: 5, 3: 2, 4: 2}, 1: {0: 13, 1: 521, 2: 1, 3: 0, 4: 0}, 2: {0: 2, 1: 0, 2: 1472, 3: 1, 4: 2}, 3: {0: 8, 1: 0, 2: 8, 3: 156, 4: 0}, 4: {0: 2, 1: 0, 2: 0, 3: 0, 4: 1622}}
25	morl	(100, 16)	relu	0.01	0.99373	0.99415	619.86	./w25/NN.032.model	{0: {0: 18031, 1: 42, 2: 3, 3: 4, 4: 4}, 1: {0: 25, 1: 508, 2: 1, 3: 1, 4: 0}, 2: {0: 12, 1: 1, 2: 1454, 3: 9, 4: 1}, 3: {0: 15, 1: 0, 2: 4, 3: 153, 4: 0}, 4: {0: 6, 1: 0, 2: 0, 3: 0, 4: 1618}}
25	morl	(100, 16)	tanh	1e-05	0.99798	0.99826	487.78	./w25/NN.033.model	{0: {0: 18075, 1: 5, 2: 0, 3: 3, 4: 1}, 1: {0: 5, 1: 530, 2: 0, 3: 0, 4: 0}, 2: {0: 1, 1: 0, 2: 1471, 3: 3, 4: 2}, 3: {0: 10, 1: 0, 2: 6, 3: 156, 4: 0}, 4: {0: 2, 1: 0, 2: 0, 3: 0, 4: 1622}}
25	morl	(100, 16)	tanh	0.0001	0.99854	0.99858	455.25	./w25/NN.034.model	{0: {0: 18071, 1: 7, 2: 0, 3: 6, 4: 0}, 1: {0: 2, 1: 532, 2: 1, 3: 0, 4: 0}, 2: {0: 0, 1: 1, 2: 1473, 3: 3, 4: 0}, 3: {0: 5, 1: 1, 2: 5, 3: 161, 4: 0}, 4: {0: 0, 1: 0, 2: 0, 3: 0, 4: 1624}}
25	morl	(100, 16)	tanh	0.01	0.99307	0.99329	454.44	./w25/NN.035.model	{0: {0: 18061, 1: 18, 2: 2, 3: 2, 4: 1}, 1: {0: 44, 1: 490, 2: 0, 3: 0, 4: 1}, 2: {0: 12, 1: 1, 2: 1448, 3: 15, 4: 1}, 3: {0: 23, 1: 0, 2: 4, 3: 145, 4: 0}, 4: {0: 21, 1: 2, 2: 0, 3: 0, 4: 1601}}
25	morl	(50, 32)	relu	1e-05	0.99639	0.99662	500.94	./w25/NN.036.model	{0: {0: 18061, 1: 6, 2: 6, 3: 11, 4: 0}, 1: {0: 17, 1: 516, 2: 2, 3: 0, 4: 0}, 2: {0: 2, 1: 0, 2: 1472, 3: 3, 4: 0}, 3: {0: 8, 1: 0, 2: 8, 3: 156, 4: 0}, 4: {0: 11, 1: 0, 2: 0, 3: 0, 4: 1613}}
25	morl	(50, 32)	relu	0.0001	0.99632	0.99630	410.35	./w25/NN.037.model	{0: {0: 18067, 1: 11, 2: 2, 3: 2, 4: 2}, 1: {0: 14, 1: 521, 2: 0, 3: 0, 4: 0}, 2: {0: 10, 1: 1, 2: 1466, 3: 0, 4: 0}, 3: {0: 19, 1: 0, 2: 16, 3: 137, 4: 0}, 4: {0: 3, 1: 0, 2: 1, 3: 0, 4: 1620}}
25	morl	(50, 32)	relu	0.01	0.99219	0.99255	354.25	./w25/NN.038.model	{0: {0: 18012, 1: 34, 2: 16, 3: 16, 4: 6}, 1: {0: 33, 1: 497, 2: 2, 3: 2, 4: 1}, 2: {0: 3, 1: 0, 2: 1462, 3: 11, 4: 1}, 3: {0: 17, 1: 0, 2: 4, 3: 151, 4: 0}, 4: {0: 16, 1: 0, 2: 1, 3: 0, 4: 1607}}
25	morl	(50, 32)	tanh	1e-05	0.99734	0.99694	485.33	./w25/NN.039.model	{0: {0: 18080, 1: 1, 2: 1, 3: 2, 4: 0}, 1: {0: 11, 1: 524, 2: 0, 3: 0, 4: 0}, 2: {0: 9, 1: 0, 2: 1455, 3: 13, 4: 0}, 3: {0: 20, 1: 0, 2: 1, 3: 151, 4: 0}, 4: {0: 9, 1: 0, 2: 0, 3: 0, 4: 1615}}
25	morl	(50, 32)	tanh	0.0001	0.99869	0.99858	438.48	./w25/NN.040.model	{0: {0: 18079, 1: 4, 2: 0, 3: 1, 4: 0}, 1: {0: 1, 1: 534, 2: 0, 3: 0, 4: 0}, 2: {0: 3, 1: 0, 2: 1471, 3: 3, 4: 0}, 3: {0: 15, 1: 0, 2: 2, 3: 155, 4: 0}, 4: {0: 2, 1: 0, 2: 0, 3: 0, 4: 1622}}
25	morl	(50, 32)	tanh	0.01	0.99311	0.99329	317.79	./w25/NN.041.model	{0: {0: 18036, 1: 24, 2: 10, 3: 2, 4: 12}, 1: {0: 35, 1: 496, 2: 4, 3: 0, 4: 0}, 2: {0: 9, 1: 0, 2: 1459, 3: 8, 4: 1}, 3: {0: 26, 1: 0, 2: 13, 3: 133, 4: 0}, 4: {0: 3, 1: 0, 2: 0, 3: 0, 4: 1621}}
25	morl	(50, 32, 4)	relu	1e-05	0.99654	0.99653	362.39	./w25/NN.042.model	{0: {0: 18053, 1: 13, 2: 2, 3: 8, 4: 8}, 1: {0: 9, 1: 525, 2: 0, 3: 0, 4: 1}, 2: {0: 2, 1: 0, 2: 1465, 3: 9, 4: 1}, 3: {0: 15, 1: 0, 2: 4, 3: 153, 4: 0}, 4: {0: 2, 1: 0, 2: 2, 3: 0, 4: 1620}}
25	morl	(50, 32, 4)	relu	0.0001	0.99566	0.99639	228.94	./w25/NN.043.model	{0: {0: 18055, 1: 14, 2: 7, 3: 6, 4: 2}, 1: {0: 13, 1: 520, 2: 1, 3: 1, 4: 0}, 2: {0: 2, 1: 0, 2: 1475, 3: 0, 4: 0}, 3: {0: 11, 1: 0, 2: 15, 3: 146, 4: 0}, 4: {0: 4, 1: 0, 2: 3, 3: 0, 4: 1617}}
25	morl	(50, 32, 4)	relu	0.01	0.99311	0.99269	327.94	./w25/NN.044.model	{0: {0: 18032, 1: 11, 2: 20, 3: 7, 4: 14}, 1: {0: 56, 1: 476, 2: 3, 3: 0, 4: 0}, 2: {0: 1, 1: 0, 2: 1469, 3: 1, 4: 6}, 3: {0: 21, 1: 0, 2: 17, 3: 133, 4: 1}, 4: {0: 2, 1: 0, 2: 0, 3: 0, 4: 1622}}
25	morl	(50, 32, 4)	tanh	1e-05	0.99743	0.99758	346.61	./w25/NN.045.model	{0: {0: 18070, 1: 8, 2: 0, 3: 3, 4: 3}, 1: {0: 15, 1: 520, 2: 0, 3: 0, 4: 0}, 2: {0: 1, 1: 1, 2: 1470, 3: 4, 4: 1}, 3: {0: 11, 1: 2, 2: 4, 3: 155, 4: 0}, 4: {0: 0, 1: 0, 2: 0, 3: 0, 4: 1624}}
25	morl	(50, 32, 4)	tanh	0.0001	0.99678	0.99680	255.42	./w25/NN.046.model	{0: {0: 18063, 1: 17, 2: 1, 3: 1, 4: 2}, 1: {0: 6, 1: 526, 2: 3, 3: 0, 4: 0}, 2: {0: 2, 1: 0, 2: 1472, 3: 3, 4: 0}, 3: {0: 16, 1: 0, 2: 14, 3: 142, 4: 0}, 4: {0: 5, 1: 0, 2: 0, 3: 0, 4: 1619}}
25	morl	(50, 32, 4)	tanh	0.01	0.99161	0.99137	203.42	./w25/NN.047.model	{0: {0: 18064, 1: 8, 2: 5, 3: 3, 4: 4}, 1: {0: 61, 1: 470, 2: 4, 3: 0, 4: 0}, 2: {0: 29, 1: 2, 2: 1437, 3: 8, 4: 1}, 3: {0: 35, 1: 0, 2: 3, 3: 133, 4: 1}, 4: {0: 22, 1: 1, 2: 2, 3: 0, 4: 1599}}
25	morl	(2000)	tanh	1e-05	0.99901	0.99904	4153.60	./big_nn/w25.morl.2000.tanh/NN.000.model	{0: {0: 18082, 1: 1, 2: 0, 3: 1, 4: 0}, 1: {0: 1, 1: 534, 2: 0, 3: 0, 4: 0}, 2: {0: 0, 1: 0, 2: 1468, 3: 9, 4: 0}, 3: {0: 9, 1: 0, 2: 0, 3: 163, 4: 0}, 4: {0: 0, 1: 0, 2: 0, 3: 0, 4: 1624}}
25	morl	(400)	tanh	1e-05	0.99927	0.99909	876.44	./big_nn/w25.morl/NN.000.model	{0: {0: 18080, 1: 1, 2: 0, 3: 3, 4: 0}, 1: {0: 2, 1: 533, 2: 0, 3: 0, 4: 0}, 2: {0: 0, 1: 0, 2: 1470, 3: 7, 4: 0}, 3: {0: 7, 1: 0, 2: 0, 3: 165, 4: 0}, 4: {0: 0, 1: 0, 2: 0, 3: 0, 4: 1624}}
25	morl	(400, 50)	tanh	1e-05	0.99815	0.99808	857.40	./big_nn/w25.morl/NN.002.model	{0: {0: 18064, 1: 11, 2: 0, 3: 8, 4: 1}, 1: {0: 2, 1: 533, 2: 0, 3: 0, 4: 0}, 2: {0: 1, 1: 1, 2: 1472, 3: 3, 4: 0}, 3: {0: 12, 1: 0, 2: 2, 3: 158, 4: 0}, 4: {0: 1, 1: 0, 2: 0, 3: 0, 4: 1623}}
